{
	"credit": "Made with Blockbench",
	"textures": {
		"0": "Minecraft mod 1/Henschel",
		"1": "Minecraft mod 1/Räder",
		"2": "Minecraft mod 1/Räder",
		"particle": "Minecraft mod 1/Henschel"
	},
	"elements": [
		{
			"from": [-1, 3, 2],
			"to": [1, 5, 14],
			"faces": {
				"north": {"uv": [4, 4, 4.66667, 4.66667], "texture": "#1"},
				"east": {"uv": [0, 4, 4, 4.66667], "texture": "#1"},
				"south": {"uv": [8.66667, 4, 9.33333, 4.66667], "texture": "#1"},
				"west": {"uv": [4.66667, 4, 8.66667, 4.66667], "texture": "#1"},
				"up": {"uv": [4.66667, 4, 4, 0], "texture": "#1"},
				"down": {"uv": [5.33333, 0, 4.66667, 4], "texture": "#1"}
			}
		},
		{
			"from": [-2, 0, 2],
			"to": [2, 1, 4],
			"faces": {
				"north": {"uv": [10, 3, 11.33333, 3.33333], "texture": "#1"},
				"east": {"uv": [9.33333, 3, 10, 3.33333], "texture": "#1"},
				"south": {"uv": [12, 3, 13.33333, 3.33333], "texture": "#1"},
				"west": {"uv": [11.33333, 3, 12, 3.33333], "texture": "#1"},
				"up": {"uv": [11.33333, 3, 10, 2.33333], "texture": "#1"},
				"down": {"uv": [12.66667, 2.33333, 11.33333, 3], "texture": "#1"}
			}
		},
		{
			"from": [-2, 6, 2],
			"to": [2, 8, 4],
			"faces": {
				"north": {"uv": [10, 0.66667, 11.33333, 1.33333], "texture": "#1"},
				"east": {"uv": [9.33333, 0.66667, 10, 1.33333], "texture": "#1"},
				"south": {"uv": [12, 0.66667, 13.33333, 1.33333], "texture": "#1"},
				"west": {"uv": [11.33333, 0.66667, 12, 1.33333], "texture": "#1"},
				"up": {"uv": [11.33333, 0.66667, 10, 0], "texture": "#1"},
				"down": {"uv": [12.66667, 0, 11.33333, 0.66667], "texture": "#1"}
			}
		},
		{
			"from": [2, 1, 2],
			"to": [3, 2, 4],
			"faces": {
				"north": {"uv": [12.66667, 11, 13, 11.33333], "texture": "#1"},
				"east": {"uv": [12, 11, 12.66667, 11.33333], "texture": "#1"},
				"south": {"uv": [13.66667, 11, 14, 11.33333], "texture": "#1"},
				"west": {"uv": [13, 11, 13.66667, 11.33333], "texture": "#1"},
				"up": {"uv": [13, 11, 12.66667, 10.33333], "texture": "#1"},
				"down": {"uv": [13.33333, 10.33333, 13, 11], "texture": "#1"}
			}
		},
		{
			"from": [3, 2, 2],
			"to": [4, 6, 4],
			"faces": {
				"north": {"uv": [12.66667, 5.33333, 13, 6.66667], "texture": "#1"},
				"east": {"uv": [12, 5.33333, 12.66667, 6.66667], "texture": "#1"},
				"south": {"uv": [13.66667, 5.33333, 14, 6.66667], "texture": "#1"},
				"west": {"uv": [13, 5.33333, 13.66667, 6.66667], "texture": "#1"},
				"up": {"uv": [13, 5.33333, 12.66667, 4.66667], "texture": "#1"},
				"down": {"uv": [13.33333, 4.66667, 13, 5.33333], "texture": "#1"}
			}
		},
		{
			"from": [2, 5, 2],
			"to": [3, 7, 4],
			"faces": {
				"north": {"uv": [5.33333, 10.66667, 5.66667, 11.33333], "texture": "#1"},
				"east": {"uv": [4.66667, 10.66667, 5.33333, 11.33333], "texture": "#1"},
				"south": {"uv": [6.33333, 10.66667, 6.66667, 11.33333], "texture": "#1"},
				"west": {"uv": [5.66667, 10.66667, 6.33333, 11.33333], "texture": "#1"},
				"up": {"uv": [5.66667, 10.66667, 5.33333, 10], "texture": "#1"},
				"down": {"uv": [6, 10, 5.66667, 10.66667], "texture": "#1"}
			}
		},
		{
			"from": [-3, 5, 2],
			"to": [-2, 7, 4],
			"faces": {
				"north": {"uv": [3.33333, 10.66667, 3.66667, 11.33333], "texture": "#1"},
				"east": {"uv": [2.66667, 10.66667, 3.33333, 11.33333], "texture": "#1"},
				"south": {"uv": [4.33333, 10.66667, 4.66667, 11.33333], "texture": "#1"},
				"west": {"uv": [3.66667, 10.66667, 4.33333, 11.33333], "texture": "#1"},
				"up": {"uv": [3.66667, 10.66667, 3.33333, 10], "texture": "#1"},
				"down": {"uv": [4, 10, 3.66667, 10.66667], "texture": "#1"}
			}
		},
		{
			"from": [-3, 1, 2],
			"to": [-2, 2, 4],
			"faces": {
				"north": {"uv": [7.33333, 10.66667, 7.66667, 11], "texture": "#1"},
				"east": {"uv": [6.66667, 10.66667, 7.33333, 11], "texture": "#1"},
				"south": {"uv": [8.33333, 10.66667, 8.66667, 11], "texture": "#1"},
				"west": {"uv": [7.66667, 10.66667, 8.33333, 11], "texture": "#1"},
				"up": {"uv": [7.66667, 10.66667, 7.33333, 10], "texture": "#1"},
				"down": {"uv": [8, 10, 7.66667, 10.66667], "texture": "#1"}
			}
		},
		{
			"from": [-0.5, 0.5, 12.5],
			"to": [0.5, 7.5, 13.5],
			"faces": {
				"north": {"uv": [7, 7.66667, 7.33333, 10], "texture": "#1"},
				"east": {"uv": [6.66667, 7.66667, 7, 10], "texture": "#1"},
				"south": {"uv": [7.66667, 7.66667, 8, 10], "texture": "#1"},
				"west": {"uv": [7.33333, 7.66667, 7.66667, 10], "texture": "#1"},
				"up": {"uv": [7.33333, 7.66667, 7, 7.33333], "texture": "#1"},
				"down": {"uv": [7.66667, 7.33333, 7.33333, 7.66667], "texture": "#1"}
			}
		},
		{
			"from": [-0.5, 0.5, 12.5],
			"to": [0.5, 7.5, 13.5],
			"rotation": {"angle": 135, "axis": "z", "origin": [0, 4, 13]},
			"faces": {
				"north": {"uv": [7, 5, 7.33333, 7.33333], "texture": "#1"},
				"east": {"uv": [6.66667, 5, 7, 7.33333], "texture": "#1"},
				"south": {"uv": [7.66667, 5, 8, 7.33333], "texture": "#1"},
				"west": {"uv": [7.33333, 5, 7.66667, 7.33333], "texture": "#1"},
				"up": {"uv": [7.33333, 5, 7, 4.66667], "texture": "#1"},
				"down": {"uv": [7.66667, 4.66667, 7.33333, 5], "texture": "#1"}
			}
		},
		{
			"from": [-0.5, 0.5, 12.5],
			"to": [0.5, 7.5, 13.5],
			"rotation": {"angle": 225, "axis": "z", "origin": [0, 4, 13]},
			"faces": {
				"north": {"uv": [8.33333, 5, 8.66667, 7.33333], "texture": "#1"},
				"east": {"uv": [8, 5, 8.33333, 7.33333], "texture": "#1"},
				"south": {"uv": [9, 5, 9.33333, 7.33333], "texture": "#1"},
				"west": {"uv": [8.66667, 5, 9, 7.33333], "texture": "#1"},
				"up": {"uv": [8.66667, 5, 8.33333, 4.66667], "texture": "#1"},
				"down": {"uv": [9, 4.66667, 8.66667, 5], "texture": "#1"}
			}
		},
		{
			"from": [-2, 8, 4],
			"to": [2, 9, 4],
			"faces": {
				"north": {"uv": [6.66667, 11, 8, 11.33333], "texture": "#1"},
				"east": {"uv": [6.66667, 11, 6.66667, 11.33333], "texture": "#1"},
				"south": {"uv": [8, 11, 9.33333, 11.33333], "texture": "#1"},
				"west": {"uv": [8, 11, 8, 11.33333], "texture": "#1"},
				"up": {"uv": [8, 11, 6.66667, 11], "texture": "#1"},
				"down": {"uv": [9.33333, 11, 8, 11], "texture": "#1"}
			}
		},
		{
			"from": [-2, -1, 4],
			"to": [2, 0, 4],
			"faces": {
				"north": {"uv": [12, 10, 13.33333, 10.33333], "texture": "#1"},
				"east": {"uv": [12, 10, 12, 10.33333], "texture": "#1"},
				"south": {"uv": [13.33333, 10, 14.66667, 10.33333], "texture": "#1"},
				"west": {"uv": [13.33333, 10, 13.33333, 10.33333], "texture": "#1"},
				"up": {"uv": [13.33333, 10, 12, 10], "texture": "#1"},
				"down": {"uv": [14.66667, 10, 13.33333, 10], "texture": "#1"}
			}
		},
		{
			"from": [2, 7, 4],
			"to": [3, 8, 4],
			"faces": {
				"north": {"uv": [4, 12.66667, 4.33333, 13], "texture": "#1"},
				"east": {"uv": [4, 12.66667, 4, 13], "texture": "#1"},
				"south": {"uv": [4.33333, 12.66667, 4.66667, 13], "texture": "#1"},
				"west": {"uv": [4.33333, 12.66667, 4.33333, 13], "texture": "#1"},
				"up": {"uv": [4.33333, 12.66667, 4, 12.66667], "texture": "#1"},
				"down": {"uv": [4.66667, 12.66667, 4.33333, 12.66667], "texture": "#1"}
			}
		},
		{
			"from": [3, 6, 4],
			"to": [4, 7, 4],
			"faces": {
				"north": {"uv": [3.33333, 12.66667, 3.66667, 13], "texture": "#1"},
				"east": {"uv": [3.33333, 12.66667, 3.33333, 13], "texture": "#1"},
				"south": {"uv": [3.66667, 12.66667, 4, 13], "texture": "#1"},
				"west": {"uv": [3.66667, 12.66667, 3.66667, 13], "texture": "#1"},
				"up": {"uv": [3.66667, 12.66667, 3.33333, 12.66667], "texture": "#1"},
				"down": {"uv": [4, 12.66667, 3.66667, 12.66667], "texture": "#1"}
			}
		},
		{
			"from": [4, 2, 4],
			"to": [5, 6, 4],
			"faces": {
				"north": {"uv": [8.66667, 11.33333, 9, 12.66667], "texture": "#1"},
				"east": {"uv": [8.66667, 11.33333, 8.66667, 12.66667], "texture": "#1"},
				"south": {"uv": [9, 11.33333, 9.33333, 12.66667], "texture": "#1"},
				"west": {"uv": [9, 11.33333, 9, 12.66667], "texture": "#1"},
				"up": {"uv": [9, 11.33333, 8.66667, 11.33333], "texture": "#1"},
				"down": {"uv": [9.33333, 11.33333, 9, 11.33333], "texture": "#1"}
			}
		},
		{
			"from": [3, 1, 4],
			"to": [4, 2, 4],
			"faces": {
				"north": {"uv": [2, 12.66667, 2.33333, 13], "texture": "#1"},
				"east": {"uv": [2, 12.66667, 2, 13], "texture": "#1"},
				"south": {"uv": [2.33333, 12.66667, 2.66667, 13], "texture": "#1"},
				"west": {"uv": [2.33333, 12.66667, 2.33333, 13], "texture": "#1"},
				"up": {"uv": [2.33333, 12.66667, 2, 12.66667], "texture": "#1"},
				"down": {"uv": [2.66667, 12.66667, 2.33333, 12.66667], "texture": "#1"}
			}
		},
		{
			"from": [2, 0, 4],
			"to": [3, 1, 4],
			"faces": {
				"north": {"uv": [1.33333, 12.66667, 1.66667, 13], "texture": "#1"},
				"east": {"uv": [1.33333, 12.66667, 1.33333, 13], "texture": "#1"},
				"south": {"uv": [1.66667, 12.66667, 2, 13], "texture": "#1"},
				"west": {"uv": [1.66667, 12.66667, 1.66667, 13], "texture": "#1"},
				"up": {"uv": [1.66667, 12.66667, 1.33333, 12.66667], "texture": "#1"},
				"down": {"uv": [2, 12.66667, 1.66667, 12.66667], "texture": "#1"}
			}
		},
		{
			"from": [-3, 0, 4],
			"to": [-2, 1, 4],
			"faces": {
				"north": {"uv": [0.66667, 12.66667, 1, 13], "texture": "#1"},
				"east": {"uv": [0.66667, 12.66667, 0.66667, 13], "texture": "#1"},
				"south": {"uv": [1, 12.66667, 1.33333, 13], "texture": "#1"},
				"west": {"uv": [1, 12.66667, 1, 13], "texture": "#1"},
				"up": {"uv": [1, 12.66667, 0.66667, 12.66667], "texture": "#1"},
				"down": {"uv": [1.33333, 12.66667, 1, 12.66667], "texture": "#1"}
			}
		},
		{
			"from": [-3, 7, 4],
			"to": [-2, 8, 4],
			"faces": {
				"north": {"uv": [0, 12.66667, 0.33333, 13], "texture": "#1"},
				"east": {"uv": [0, 12.66667, 0, 13], "texture": "#1"},
				"south": {"uv": [0.33333, 12.66667, 0.66667, 13], "texture": "#1"},
				"west": {"uv": [0.33333, 12.66667, 0.33333, 13], "texture": "#1"},
				"up": {"uv": [0.33333, 12.66667, 0, 12.66667], "texture": "#1"},
				"down": {"uv": [0.66667, 12.66667, 0.33333, 12.66667], "texture": "#1"}
			}
		},
		{
			"from": [-5, 2, 4],
			"to": [-4, 6, 4],
			"faces": {
				"north": {"uv": [8, 11.33333, 8.33333, 12.66667], "texture": "#1"},
				"east": {"uv": [8, 11.33333, 8, 12.66667], "texture": "#1"},
				"south": {"uv": [8.33333, 11.33333, 8.66667, 12.66667], "texture": "#1"},
				"west": {"uv": [8.33333, 11.33333, 8.33333, 12.66667], "texture": "#1"},
				"up": {"uv": [8.33333, 11.33333, 8, 11.33333], "texture": "#1"},
				"down": {"uv": [8.66667, 11.33333, 8.33333, 11.33333], "texture": "#1"}
			}
		},
		{
			"from": [-4, 6, 4],
			"to": [-3, 7, 4],
			"faces": {
				"north": {"uv": [10, 12, 10.33333, 12.33333], "texture": "#1"},
				"east": {"uv": [10, 12, 10, 12.33333], "texture": "#1"},
				"south": {"uv": [10.33333, 12, 10.66667, 12.33333], "texture": "#1"},
				"west": {"uv": [10.33333, 12, 10.33333, 12.33333], "texture": "#1"},
				"up": {"uv": [10.33333, 12, 10, 12], "texture": "#1"},
				"down": {"uv": [10.66667, 12, 10.33333, 12], "texture": "#1"}
			}
		},
		{
			"from": [-4, 1, 4],
			"to": [-3, 2, 4],
			"faces": {
				"north": {"uv": [4.66667, 12.66667, 5, 13], "texture": "#1"},
				"east": {"uv": [4.66667, 12.66667, 4.66667, 13], "texture": "#1"},
				"south": {"uv": [5, 12.66667, 5.33333, 13], "texture": "#1"},
				"west": {"uv": [5, 12.66667, 5, 13], "texture": "#1"},
				"up": {"uv": [5, 12.66667, 4.66667, 12.66667], "texture": "#1"},
				"down": {"uv": [5.33333, 12.66667, 5, 12.66667], "texture": "#1"}
			}
		},
		{
			"from": [-0.5, 1.5, 0.5],
			"to": [0.5, 2.5, 2.5],
			"faces": {
				"north": {"uv": [10, 10.66667, 10.33333, 11], "texture": "#1"},
				"east": {"uv": [9.33333, 10.66667, 10, 11], "texture": "#1"},
				"south": {"uv": [11, 10.66667, 11.33333, 11], "texture": "#1"},
				"west": {"uv": [10.33333, 10.66667, 11, 11], "texture": "#1"},
				"up": {"uv": [10.33333, 10.66667, 10, 10], "texture": "#1"},
				"down": {"uv": [10.66667, 10, 10.33333, 10.66667], "texture": "#1"}
			}
		},
		{
			"from": [-2, 8, 12],
			"to": [2, 9, 12],
			"faces": {
				"north": {"uv": [9.33333, 11, 10.66667, 11.33333], "texture": "#1"},
				"east": {"uv": [9.33333, 11, 9.33333, 11.33333], "texture": "#1"},
				"south": {"uv": [10.66667, 11, 12, 11.33333], "texture": "#1"},
				"west": {"uv": [10.66667, 11, 10.66667, 11.33333], "texture": "#1"},
				"up": {"uv": [10.66667, 11, 9.33333, 11], "texture": "#1"},
				"down": {"uv": [12, 11, 10.66667, 11], "texture": "#1"}
			}
		},
		{
			"from": [-2, -1, 12],
			"to": [2, 0, 12],
			"faces": {
				"north": {"uv": [4, 12.33333, 5.33333, 12.66667], "texture": "#1"},
				"east": {"uv": [4, 12.33333, 4, 12.66667], "texture": "#1"},
				"south": {"uv": [5.33333, 12.33333, 6.66667, 12.66667], "texture": "#1"},
				"west": {"uv": [5.33333, 12.33333, 5.33333, 12.66667], "texture": "#1"},
				"up": {"uv": [5.33333, 12.33333, 4, 12.33333], "texture": "#1"},
				"down": {"uv": [6.66667, 12.33333, 5.33333, 12.33333], "texture": "#1"}
			}
		},
		{
			"from": [2, 7, 12],
			"to": [3, 8, 12],
			"faces": {
				"north": {"uv": [10, 11.33333, 10.33333, 11.66667], "texture": "#1"},
				"east": {"uv": [10, 11.33333, 10, 11.66667], "texture": "#1"},
				"south": {"uv": [10.33333, 11.33333, 10.66667, 11.66667], "texture": "#1"},
				"west": {"uv": [10.33333, 11.33333, 10.33333, 11.66667], "texture": "#1"},
				"up": {"uv": [10.33333, 11.33333, 10, 11.33333], "texture": "#1"},
				"down": {"uv": [10.66667, 11.33333, 10.33333, 11.33333], "texture": "#1"}
			}
		},
		{
			"from": [3, 6, 12],
			"to": [4, 7, 12],
			"faces": {
				"north": {"uv": [9.33333, 12.33333, 9.66667, 12.66667], "texture": "#1"},
				"east": {"uv": [9.33333, 12.33333, 9.33333, 12.66667], "texture": "#1"},
				"south": {"uv": [9.66667, 12.33333, 10, 12.66667], "texture": "#1"},
				"west": {"uv": [9.66667, 12.33333, 9.66667, 12.66667], "texture": "#1"},
				"up": {"uv": [9.66667, 12.33333, 9.33333, 12.33333], "texture": "#1"},
				"down": {"uv": [10, 12.33333, 9.66667, 12.33333], "texture": "#1"}
			}
		},
		{
			"from": [4, 2, 12],
			"to": [5, 6, 12],
			"faces": {
				"north": {"uv": [7.33333, 11.33333, 7.66667, 12.66667], "texture": "#1"},
				"east": {"uv": [7.33333, 11.33333, 7.33333, 12.66667], "texture": "#1"},
				"south": {"uv": [7.66667, 11.33333, 8, 12.66667], "texture": "#1"},
				"west": {"uv": [7.66667, 11.33333, 7.66667, 12.66667], "texture": "#1"},
				"up": {"uv": [7.66667, 11.33333, 7.33333, 11.33333], "texture": "#1"},
				"down": {"uv": [8, 11.33333, 7.66667, 11.33333], "texture": "#1"}
			}
		},
		{
			"from": [3, 1, 12],
			"to": [4, 2, 12],
			"faces": {
				"north": {"uv": [9.33333, 11.66667, 9.66667, 12], "texture": "#1"},
				"east": {"uv": [9.33333, 11.66667, 9.33333, 12], "texture": "#1"},
				"south": {"uv": [9.66667, 11.66667, 10, 12], "texture": "#1"},
				"west": {"uv": [9.66667, 11.66667, 9.66667, 12], "texture": "#1"},
				"up": {"uv": [9.66667, 11.66667, 9.33333, 11.66667], "texture": "#1"},
				"down": {"uv": [10, 11.66667, 9.66667, 11.66667], "texture": "#1"}
			}
		},
		{
			"from": [2, 0, 12],
			"to": [3, 1, 12],
			"faces": {
				"north": {"uv": [10, 12.33333, 10.33333, 12.66667], "texture": "#1"},
				"east": {"uv": [10, 12.33333, 10, 12.66667], "texture": "#1"},
				"south": {"uv": [10.33333, 12.33333, 10.66667, 12.66667], "texture": "#1"},
				"west": {"uv": [10.33333, 12.33333, 10.33333, 12.66667], "texture": "#1"},
				"up": {"uv": [10.33333, 12.33333, 10, 12.33333], "texture": "#1"},
				"down": {"uv": [10.66667, 12.33333, 10.33333, 12.33333], "texture": "#1"}
			}
		},
		{
			"from": [-3, 0, 12],
			"to": [-2, 1, 12],
			"faces": {
				"north": {"uv": [10, 11.66667, 10.33333, 12], "texture": "#1"},
				"east": {"uv": [10, 11.66667, 10, 12], "texture": "#1"},
				"south": {"uv": [10.33333, 11.66667, 10.66667, 12], "texture": "#1"},
				"west": {"uv": [10.33333, 11.66667, 10.33333, 12], "texture": "#1"},
				"up": {"uv": [10.33333, 11.66667, 10, 11.66667], "texture": "#1"},
				"down": {"uv": [10.66667, 11.66667, 10.33333, 11.66667], "texture": "#1"}
			}
		},
		{
			"from": [-3, 7, 12],
			"to": [-2, 8, 12],
			"faces": {
				"north": {"uv": [9.33333, 12, 9.66667, 12.33333], "texture": "#1"},
				"east": {"uv": [9.33333, 12, 9.33333, 12.33333], "texture": "#1"},
				"south": {"uv": [9.66667, 12, 10, 12.33333], "texture": "#1"},
				"west": {"uv": [9.66667, 12, 9.66667, 12.33333], "texture": "#1"},
				"up": {"uv": [9.66667, 12, 9.33333, 12], "texture": "#1"},
				"down": {"uv": [10, 12, 9.66667, 12], "texture": "#1"}
			}
		},
		{
			"from": [-5, 2, 12],
			"to": [-4, 6, 12],
			"faces": {
				"north": {"uv": [6.66667, 11.33333, 7, 12.66667], "texture": "#1"},
				"east": {"uv": [6.66667, 11.33333, 6.66667, 12.66667], "texture": "#1"},
				"south": {"uv": [7, 11.33333, 7.33333, 12.66667], "texture": "#1"},
				"west": {"uv": [7, 11.33333, 7, 12.66667], "texture": "#1"},
				"up": {"uv": [7, 11.33333, 6.66667, 11.33333], "texture": "#1"},
				"down": {"uv": [7.33333, 11.33333, 7, 11.33333], "texture": "#1"}
			}
		},
		{
			"from": [-4, 6, 12],
			"to": [-3, 7, 12],
			"faces": {
				"north": {"uv": [2.66667, 12.66667, 3, 13], "texture": "#1"},
				"east": {"uv": [2.66667, 12.66667, 2.66667, 13], "texture": "#1"},
				"south": {"uv": [3, 12.66667, 3.33333, 13], "texture": "#1"},
				"west": {"uv": [3, 12.66667, 3, 13], "texture": "#1"},
				"up": {"uv": [3, 12.66667, 2.66667, 12.66667], "texture": "#1"},
				"down": {"uv": [3.33333, 12.66667, 3, 12.66667], "texture": "#1"}
			}
		},
		{
			"from": [-4, 1, 12],
			"to": [-3, 2, 12],
			"faces": {
				"north": {"uv": [9.33333, 11.33333, 9.66667, 11.66667], "texture": "#1"},
				"east": {"uv": [9.33333, 11.33333, 9.33333, 11.66667], "texture": "#1"},
				"south": {"uv": [9.66667, 11.33333, 10, 11.66667], "texture": "#1"},
				"west": {"uv": [9.66667, 11.33333, 9.66667, 11.66667], "texture": "#1"},
				"up": {"uv": [9.66667, 11.33333, 9.33333, 11.33333], "texture": "#1"},
				"down": {"uv": [10, 11.33333, 9.66667, 11.33333], "texture": "#1"}
			}
		},
		{
			"from": [-4, 2, 2],
			"to": [-3, 6, 4],
			"faces": {
				"north": {"uv": [5.33333, 8, 5.66667, 9.33333], "texture": "#1"},
				"east": {"uv": [4.66667, 8, 5.33333, 9.33333], "texture": "#1"},
				"south": {"uv": [6.33333, 8, 6.66667, 9.33333], "texture": "#1"},
				"west": {"uv": [5.66667, 8, 6.33333, 9.33333], "texture": "#1"},
				"up": {"uv": [5.66667, 8, 5.33333, 7.33333], "texture": "#1"},
				"down": {"uv": [6, 7.33333, 5.66667, 8], "texture": "#1"}
			}
		},
		{
			"from": [-4, 2, 12],
			"to": [-3, 6, 14],
			"faces": {
				"north": {"uv": [3.33333, 8, 3.66667, 9.33333], "texture": "#1"},
				"east": {"uv": [2.66667, 8, 3.33333, 9.33333], "texture": "#1"},
				"south": {"uv": [4.33333, 8, 4.66667, 9.33333], "texture": "#1"},
				"west": {"uv": [3.66667, 8, 4.33333, 9.33333], "texture": "#1"},
				"up": {"uv": [3.66667, 8, 3.33333, 7.33333], "texture": "#1"},
				"down": {"uv": [4, 7.33333, 3.66667, 8], "texture": "#1"}
			}
		},
		{
			"from": [-3, 6, 12],
			"to": [-2, 7, 14],
			"faces": {
				"north": {"uv": [0.66667, 12, 1, 12.33333], "texture": "#1"},
				"east": {"uv": [0, 12, 0.66667, 12.33333], "texture": "#1"},
				"south": {"uv": [1.66667, 12, 2, 12.33333], "texture": "#1"},
				"west": {"uv": [1, 12, 1.66667, 12.33333], "texture": "#1"},
				"up": {"uv": [1, 12, 0.66667, 11.33333], "texture": "#1"},
				"down": {"uv": [1.33333, 11.33333, 1, 12], "texture": "#1"}
			}
		},
		{
			"from": [-2, 7, 12],
			"to": [2, 8, 14],
			"faces": {
				"north": {"uv": [10, 2, 11.33333, 2.33333], "texture": "#1"},
				"east": {"uv": [9.33333, 2, 10, 2.33333], "texture": "#1"},
				"south": {"uv": [12, 2, 13.33333, 2.33333], "texture": "#1"},
				"west": {"uv": [11.33333, 2, 12, 2.33333], "texture": "#1"},
				"up": {"uv": [11.33333, 2, 10, 1.33333], "texture": "#1"},
				"down": {"uv": [12.66667, 1.33333, 11.33333, 2], "texture": "#1"}
			}
		},
		{
			"from": [1, 6, 12],
			"to": [3, 7, 14],
			"faces": {
				"north": {"uv": [10, 8, 10.66667, 8.33333], "texture": "#1"},
				"east": {"uv": [9.33333, 8, 10, 8.33333], "texture": "#1"},
				"south": {"uv": [11.33333, 8, 12, 8.33333], "texture": "#1"},
				"west": {"uv": [10.66667, 8, 11.33333, 8.33333], "texture": "#1"},
				"up": {"uv": [10.66667, 8, 10, 7.33333], "texture": "#1"},
				"down": {"uv": [11.33333, 7.33333, 10.66667, 8], "texture": "#1"}
			}
		},
		{
			"from": [2, 2, 12],
			"to": [4, 6, 14],
			"faces": {
				"north": {"uv": [4.66667, 5.33333, 5.33333, 6.66667], "texture": "#1"},
				"east": {"uv": [4, 5.33333, 4.66667, 6.66667], "texture": "#1"},
				"south": {"uv": [6, 5.33333, 6.66667, 6.66667], "texture": "#1"},
				"west": {"uv": [5.33333, 5.33333, 6, 6.66667], "texture": "#1"},
				"up": {"uv": [5.33333, 5.33333, 4.66667, 4.66667], "texture": "#1"},
				"down": {"uv": [6, 4.66667, 5.33333, 5.33333], "texture": "#1"}
			}
		},
		{
			"from": [-2, 0, 12],
			"to": [2, 1, 14],
			"faces": {
				"north": {"uv": [0.66667, 5.33333, 2, 5.66667], "texture": "#1"},
				"east": {"uv": [0, 5.33333, 0.66667, 5.66667], "texture": "#1"},
				"south": {"uv": [2.66667, 5.33333, 4, 5.66667], "texture": "#1"},
				"west": {"uv": [2, 5.33333, 2.66667, 5.66667], "texture": "#1"},
				"up": {"uv": [2, 5.33333, 0.66667, 4.66667], "texture": "#1"},
				"down": {"uv": [3.33333, 4.66667, 2, 5.33333], "texture": "#1"}
			}
		},
		{
			"from": [-3, 1, 12],
			"to": [-2, 2, 14],
			"faces": {
				"north": {"uv": [2.66667, 12, 3, 12.33333], "texture": "#1"},
				"east": {"uv": [2, 12, 2.66667, 12.33333], "texture": "#1"},
				"south": {"uv": [3.66667, 12, 4, 12.33333], "texture": "#1"},
				"west": {"uv": [3, 12, 3.66667, 12.33333], "texture": "#1"},
				"up": {"uv": [3, 12, 2.66667, 11.33333], "texture": "#1"},
				"down": {"uv": [3.33333, 11.33333, 3, 12], "texture": "#1"}
			}
		},
		{
			"from": [1, 1, 12],
			"to": [3, 2, 14],
			"faces": {
				"north": {"uv": [0.66667, 10.66667, 1.33333, 11], "texture": "#1"},
				"east": {"uv": [0, 10.66667, 0.66667, 11], "texture": "#1"},
				"south": {"uv": [2, 10.66667, 2.66667, 11], "texture": "#1"},
				"west": {"uv": [1.33333, 10.66667, 2, 11], "texture": "#1"},
				"up": {"uv": [1.33333, 10.66667, 0.66667, 10], "texture": "#1"},
				"down": {"uv": [2, 10, 1.33333, 10.66667], "texture": "#1"}
			}
		},
		{
			"from": [-0.5, 0.5, 12.5],
			"to": [0.5, 7.5, 13.5],
			"rotation": {"angle": 90, "axis": "z", "origin": [0, 4, 13]},
			"faces": {
				"north": {"uv": [1.66667, 7.66667, 2, 10], "texture": "#1"},
				"east": {"uv": [1.33333, 7.66667, 1.66667, 10], "texture": "#1"},
				"south": {"uv": [2.33333, 7.66667, 2.66667, 10], "texture": "#1"},
				"west": {"uv": [2, 7.66667, 2.33333, 10], "texture": "#1"},
				"up": {"uv": [2, 7.66667, 1.66667, 7.33333], "texture": "#1"},
				"down": {"uv": [2.33333, 7.33333, 2, 7.66667], "texture": "#1"}
			}
		},
		{
			"from": [-0.5, 0.5, 2.5],
			"to": [0.5, 7.5, 3.5],
			"faces": {
				"north": {"uv": [0.33333, 7.66667, 0.66667, 10], "texture": "#1"},
				"east": {"uv": [0, 7.66667, 0.33333, 10], "texture": "#1"},
				"south": {"uv": [1, 7.66667, 1.33333, 10], "texture": "#1"},
				"west": {"uv": [0.66667, 7.66667, 1, 10], "texture": "#1"},
				"up": {"uv": [0.66667, 7.66667, 0.33333, 7.33333], "texture": "#1"},
				"down": {"uv": [1, 7.33333, 0.66667, 7.66667], "texture": "#1"}
			}
		},
		{
			"from": [-0.5, 0.5, 2.5],
			"to": [0.5, 7.5, 3.5],
			"rotation": {"angle": 135, "axis": "z", "origin": [0, 4, 3]},
			"faces": {
				"north": {"uv": [8.33333, 7.66667, 8.66667, 10], "texture": "#1"},
				"east": {"uv": [8, 7.66667, 8.33333, 10], "texture": "#1"},
				"south": {"uv": [9, 7.66667, 9.33333, 10], "texture": "#1"},
				"west": {"uv": [8.66667, 7.66667, 9, 10], "texture": "#1"},
				"up": {"uv": [8.66667, 7.66667, 8.33333, 7.33333], "texture": "#1"},
				"down": {"uv": [9, 7.33333, 8.66667, 7.66667], "texture": "#1"}
			}
		},
		{
			"from": [-0.5, 0.5, 2.5],
			"to": [0.5, 7.5, 3.5],
			"rotation": {"angle": 225, "axis": "z", "origin": [0, 4, 3]},
			"faces": {
				"north": {"uv": [11, 5, 11.33333, 7.33333], "texture": "#1"},
				"east": {"uv": [10.66667, 5, 11, 7.33333], "texture": "#1"},
				"south": {"uv": [11.66667, 5, 12, 7.33333], "texture": "#1"},
				"west": {"uv": [11.33333, 5, 11.66667, 7.33333], "texture": "#1"},
				"up": {"uv": [11.33333, 5, 11, 4.66667], "texture": "#1"},
				"down": {"uv": [11.66667, 4.66667, 11.33333, 5], "texture": "#1"}
			}
		},
		{
			"from": [-0.5, 0.5, 2.5],
			"to": [0.5, 7.5, 3.5],
			"rotation": {"angle": 90, "axis": "z", "origin": [0, 4, 3]},
			"faces": {
				"north": {"uv": [9.66667, 5, 10, 7.33333], "texture": "#1"},
				"east": {"uv": [9.33333, 5, 9.66667, 7.33333], "texture": "#1"},
				"south": {"uv": [10.33333, 5, 10.66667, 7.33333], "texture": "#1"},
				"west": {"uv": [10, 5, 10.33333, 7.33333], "texture": "#1"},
				"up": {"uv": [10, 5, 9.66667, 4.66667], "texture": "#1"},
				"down": {"uv": [10.33333, 4.66667, 10, 5], "texture": "#1"}
			}
		},
		{
			"from": [-2.5, 3.5, 13.5],
			"to": [-1.5, 4.5, 15.5],
			"faces": {
				"north": {"uv": [4.66667, 12, 5, 12.33333], "texture": "#1"},
				"east": {"uv": [4, 12, 4.66667, 12.33333], "texture": "#1"},
				"south": {"uv": [5.66667, 12, 6, 12.33333], "texture": "#1"},
				"west": {"uv": [5, 12, 5.66667, 12.33333], "texture": "#1"},
				"up": {"uv": [5, 12, 4.66667, 11.33333], "texture": "#1"},
				"down": {"uv": [5.33333, 11.33333, 5, 12], "texture": "#1"}
			}
		},
		{
			"from": [15, 3, 2],
			"to": [17, 5, 14],
			"faces": {
				"north": {"uv": [4, 4, 4.66667, 4.66667], "texture": "#2"},
				"east": {"uv": [0, 4, 4, 4.66667], "texture": "#2"},
				"south": {"uv": [8.66667, 4, 9.33333, 4.66667], "texture": "#2"},
				"west": {"uv": [4.66667, 4, 8.66667, 4.66667], "texture": "#2"},
				"up": {"uv": [4.66667, 4, 4, 0], "texture": "#2"},
				"down": {"uv": [5.33333, 0, 4.66667, 4], "texture": "#2"}
			}
		},
		{
			"from": [14, 0, 2],
			"to": [18, 1, 4],
			"faces": {
				"north": {"uv": [10, 3, 11.33333, 3.33333], "texture": "#2"},
				"east": {"uv": [9.33333, 3, 10, 3.33333], "texture": "#2"},
				"south": {"uv": [12, 3, 13.33333, 3.33333], "texture": "#2"},
				"west": {"uv": [11.33333, 3, 12, 3.33333], "texture": "#2"},
				"up": {"uv": [11.33333, 3, 10, 2.33333], "texture": "#2"},
				"down": {"uv": [12.66667, 2.33333, 11.33333, 3], "texture": "#2"}
			}
		},
		{
			"from": [14, 6, 2],
			"to": [18, 8, 4],
			"faces": {
				"north": {"uv": [10, 0.66667, 11.33333, 1.33333], "texture": "#2"},
				"east": {"uv": [9.33333, 0.66667, 10, 1.33333], "texture": "#2"},
				"south": {"uv": [12, 0.66667, 13.33333, 1.33333], "texture": "#2"},
				"west": {"uv": [11.33333, 0.66667, 12, 1.33333], "texture": "#2"},
				"up": {"uv": [11.33333, 0.66667, 10, 0], "texture": "#2"},
				"down": {"uv": [12.66667, 0, 11.33333, 0.66667], "texture": "#2"}
			}
		},
		{
			"from": [18, 1, 2],
			"to": [19, 2, 4],
			"faces": {
				"north": {"uv": [12.66667, 11, 13, 11.33333], "texture": "#2"},
				"east": {"uv": [12, 11, 12.66667, 11.33333], "texture": "#2"},
				"south": {"uv": [13.66667, 11, 14, 11.33333], "texture": "#2"},
				"west": {"uv": [13, 11, 13.66667, 11.33333], "texture": "#2"},
				"up": {"uv": [13, 11, 12.66667, 10.33333], "texture": "#2"},
				"down": {"uv": [13.33333, 10.33333, 13, 11], "texture": "#2"}
			}
		},
		{
			"from": [19, 2, 2],
			"to": [20, 6, 4],
			"faces": {
				"north": {"uv": [12.66667, 5.33333, 13, 6.66667], "texture": "#2"},
				"east": {"uv": [12, 5.33333, 12.66667, 6.66667], "texture": "#2"},
				"south": {"uv": [13.66667, 5.33333, 14, 6.66667], "texture": "#2"},
				"west": {"uv": [13, 5.33333, 13.66667, 6.66667], "texture": "#2"},
				"up": {"uv": [13, 5.33333, 12.66667, 4.66667], "texture": "#2"},
				"down": {"uv": [13.33333, 4.66667, 13, 5.33333], "texture": "#2"}
			}
		},
		{
			"from": [18, 5, 2],
			"to": [19, 7, 4],
			"faces": {
				"north": {"uv": [5.33333, 10.66667, 5.66667, 11.33333], "texture": "#2"},
				"east": {"uv": [4.66667, 10.66667, 5.33333, 11.33333], "texture": "#2"},
				"south": {"uv": [6.33333, 10.66667, 6.66667, 11.33333], "texture": "#2"},
				"west": {"uv": [5.66667, 10.66667, 6.33333, 11.33333], "texture": "#2"},
				"up": {"uv": [5.66667, 10.66667, 5.33333, 10], "texture": "#2"},
				"down": {"uv": [6, 10, 5.66667, 10.66667], "texture": "#2"}
			}
		},
		{
			"from": [13, 5, 2],
			"to": [14, 7, 4],
			"faces": {
				"north": {"uv": [3.33333, 10.66667, 3.66667, 11.33333], "texture": "#2"},
				"east": {"uv": [2.66667, 10.66667, 3.33333, 11.33333], "texture": "#2"},
				"south": {"uv": [4.33333, 10.66667, 4.66667, 11.33333], "texture": "#2"},
				"west": {"uv": [3.66667, 10.66667, 4.33333, 11.33333], "texture": "#2"},
				"up": {"uv": [3.66667, 10.66667, 3.33333, 10], "texture": "#2"},
				"down": {"uv": [4, 10, 3.66667, 10.66667], "texture": "#2"}
			}
		},
		{
			"from": [13, 1, 2],
			"to": [14, 2, 4],
			"faces": {
				"north": {"uv": [7.33333, 10.66667, 7.66667, 11], "texture": "#2"},
				"east": {"uv": [6.66667, 10.66667, 7.33333, 11], "texture": "#2"},
				"south": {"uv": [8.33333, 10.66667, 8.66667, 11], "texture": "#2"},
				"west": {"uv": [7.66667, 10.66667, 8.33333, 11], "texture": "#2"},
				"up": {"uv": [7.66667, 10.66667, 7.33333, 10], "texture": "#2"},
				"down": {"uv": [8, 10, 7.66667, 10.66667], "texture": "#2"}
			}
		},
		{
			"from": [15.5, 0.5, 12.5],
			"to": [16.5, 7.5, 13.5],
			"faces": {
				"north": {"uv": [7, 7.66667, 7.33333, 10], "texture": "#2"},
				"east": {"uv": [6.66667, 7.66667, 7, 10], "texture": "#2"},
				"south": {"uv": [7.66667, 7.66667, 8, 10], "texture": "#2"},
				"west": {"uv": [7.33333, 7.66667, 7.66667, 10], "texture": "#2"},
				"up": {"uv": [7.33333, 7.66667, 7, 7.33333], "texture": "#2"},
				"down": {"uv": [7.66667, 7.33333, 7.33333, 7.66667], "texture": "#2"}
			}
		},
		{
			"from": [15.5, 0.5, 12.5],
			"to": [16.5, 7.5, 13.5],
			"rotation": {"angle": 135, "axis": "z", "origin": [16, 4, 13]},
			"faces": {
				"north": {"uv": [7, 5, 7.33333, 7.33333], "texture": "#2"},
				"east": {"uv": [6.66667, 5, 7, 7.33333], "texture": "#2"},
				"south": {"uv": [7.66667, 5, 8, 7.33333], "texture": "#2"},
				"west": {"uv": [7.33333, 5, 7.66667, 7.33333], "texture": "#2"},
				"up": {"uv": [7.33333, 5, 7, 4.66667], "texture": "#2"},
				"down": {"uv": [7.66667, 4.66667, 7.33333, 5], "texture": "#2"}
			}
		},
		{
			"from": [15.5, 0.5, 12.5],
			"to": [16.5, 7.5, 13.5],
			"rotation": {"angle": 225, "axis": "z", "origin": [16, 4, 13]},
			"faces": {
				"north": {"uv": [8.33333, 5, 8.66667, 7.33333], "texture": "#2"},
				"east": {"uv": [8, 5, 8.33333, 7.33333], "texture": "#2"},
				"south": {"uv": [9, 5, 9.33333, 7.33333], "texture": "#2"},
				"west": {"uv": [8.66667, 5, 9, 7.33333], "texture": "#2"},
				"up": {"uv": [8.66667, 5, 8.33333, 4.66667], "texture": "#2"},
				"down": {"uv": [9, 4.66667, 8.66667, 5], "texture": "#2"}
			}
		},
		{
			"from": [14, 8, 4],
			"to": [18, 9, 4],
			"faces": {
				"north": {"uv": [6.66667, 11, 8, 11.33333], "texture": "#2"},
				"east": {"uv": [6.66667, 11, 6.66667, 11.33333], "texture": "#2"},
				"south": {"uv": [8, 11, 9.33333, 11.33333], "texture": "#2"},
				"west": {"uv": [8, 11, 8, 11.33333], "texture": "#2"},
				"up": {"uv": [8, 11, 6.66667, 11], "texture": "#2"},
				"down": {"uv": [9.33333, 11, 8, 11], "texture": "#2"}
			}
		},
		{
			"from": [14, -1, 4],
			"to": [18, 0, 4],
			"faces": {
				"north": {"uv": [12, 10, 13.33333, 10.33333], "texture": "#2"},
				"east": {"uv": [12, 10, 12, 10.33333], "texture": "#2"},
				"south": {"uv": [13.33333, 10, 14.66667, 10.33333], "texture": "#2"},
				"west": {"uv": [13.33333, 10, 13.33333, 10.33333], "texture": "#2"},
				"up": {"uv": [13.33333, 10, 12, 10], "texture": "#2"},
				"down": {"uv": [14.66667, 10, 13.33333, 10], "texture": "#2"}
			}
		},
		{
			"from": [18, 7, 4],
			"to": [19, 8, 4],
			"faces": {
				"north": {"uv": [4, 12.66667, 4.33333, 13], "texture": "#2"},
				"east": {"uv": [4, 12.66667, 4, 13], "texture": "#2"},
				"south": {"uv": [4.33333, 12.66667, 4.66667, 13], "texture": "#2"},
				"west": {"uv": [4.33333, 12.66667, 4.33333, 13], "texture": "#2"},
				"up": {"uv": [4.33333, 12.66667, 4, 12.66667], "texture": "#2"},
				"down": {"uv": [4.66667, 12.66667, 4.33333, 12.66667], "texture": "#2"}
			}
		},
		{
			"from": [19, 6, 4],
			"to": [20, 7, 4],
			"faces": {
				"north": {"uv": [3.33333, 12.66667, 3.66667, 13], "texture": "#2"},
				"east": {"uv": [3.33333, 12.66667, 3.33333, 13], "texture": "#2"},
				"south": {"uv": [3.66667, 12.66667, 4, 13], "texture": "#2"},
				"west": {"uv": [3.66667, 12.66667, 3.66667, 13], "texture": "#2"},
				"up": {"uv": [3.66667, 12.66667, 3.33333, 12.66667], "texture": "#2"},
				"down": {"uv": [4, 12.66667, 3.66667, 12.66667], "texture": "#2"}
			}
		},
		{
			"from": [20, 2, 4],
			"to": [21, 6, 4],
			"faces": {
				"north": {"uv": [8.66667, 11.33333, 9, 12.66667], "texture": "#2"},
				"east": {"uv": [8.66667, 11.33333, 8.66667, 12.66667], "texture": "#2"},
				"south": {"uv": [9, 11.33333, 9.33333, 12.66667], "texture": "#2"},
				"west": {"uv": [9, 11.33333, 9, 12.66667], "texture": "#2"},
				"up": {"uv": [9, 11.33333, 8.66667, 11.33333], "texture": "#2"},
				"down": {"uv": [9.33333, 11.33333, 9, 11.33333], "texture": "#2"}
			}
		},
		{
			"from": [19, 1, 4],
			"to": [20, 2, 4],
			"faces": {
				"north": {"uv": [2, 12.66667, 2.33333, 13], "texture": "#2"},
				"east": {"uv": [2, 12.66667, 2, 13], "texture": "#2"},
				"south": {"uv": [2.33333, 12.66667, 2.66667, 13], "texture": "#2"},
				"west": {"uv": [2.33333, 12.66667, 2.33333, 13], "texture": "#2"},
				"up": {"uv": [2.33333, 12.66667, 2, 12.66667], "texture": "#2"},
				"down": {"uv": [2.66667, 12.66667, 2.33333, 12.66667], "texture": "#2"}
			}
		},
		{
			"from": [18, 0, 4],
			"to": [19, 1, 4],
			"faces": {
				"north": {"uv": [1.33333, 12.66667, 1.66667, 13], "texture": "#2"},
				"east": {"uv": [1.33333, 12.66667, 1.33333, 13], "texture": "#2"},
				"south": {"uv": [1.66667, 12.66667, 2, 13], "texture": "#2"},
				"west": {"uv": [1.66667, 12.66667, 1.66667, 13], "texture": "#2"},
				"up": {"uv": [1.66667, 12.66667, 1.33333, 12.66667], "texture": "#2"},
				"down": {"uv": [2, 12.66667, 1.66667, 12.66667], "texture": "#2"}
			}
		},
		{
			"from": [13, 0, 4],
			"to": [14, 1, 4],
			"faces": {
				"north": {"uv": [0.66667, 12.66667, 1, 13], "texture": "#2"},
				"east": {"uv": [0.66667, 12.66667, 0.66667, 13], "texture": "#2"},
				"south": {"uv": [1, 12.66667, 1.33333, 13], "texture": "#2"},
				"west": {"uv": [1, 12.66667, 1, 13], "texture": "#2"},
				"up": {"uv": [1, 12.66667, 0.66667, 12.66667], "texture": "#2"},
				"down": {"uv": [1.33333, 12.66667, 1, 12.66667], "texture": "#2"}
			}
		},
		{
			"from": [13, 7, 4],
			"to": [14, 8, 4],
			"faces": {
				"north": {"uv": [0, 12.66667, 0.33333, 13], "texture": "#2"},
				"east": {"uv": [0, 12.66667, 0, 13], "texture": "#2"},
				"south": {"uv": [0.33333, 12.66667, 0.66667, 13], "texture": "#2"},
				"west": {"uv": [0.33333, 12.66667, 0.33333, 13], "texture": "#2"},
				"up": {"uv": [0.33333, 12.66667, 0, 12.66667], "texture": "#2"},
				"down": {"uv": [0.66667, 12.66667, 0.33333, 12.66667], "texture": "#2"}
			}
		},
		{
			"from": [11, 2, 4],
			"to": [12, 6, 4],
			"faces": {
				"north": {"uv": [8, 11.33333, 8.33333, 12.66667], "texture": "#2"},
				"east": {"uv": [8, 11.33333, 8, 12.66667], "texture": "#2"},
				"south": {"uv": [8.33333, 11.33333, 8.66667, 12.66667], "texture": "#2"},
				"west": {"uv": [8.33333, 11.33333, 8.33333, 12.66667], "texture": "#2"},
				"up": {"uv": [8.33333, 11.33333, 8, 11.33333], "texture": "#2"},
				"down": {"uv": [8.66667, 11.33333, 8.33333, 11.33333], "texture": "#2"}
			}
		},
		{
			"from": [12, 6, 4],
			"to": [13, 7, 4],
			"faces": {
				"north": {"uv": [10, 12, 10.33333, 12.33333], "texture": "#2"},
				"east": {"uv": [10, 12, 10, 12.33333], "texture": "#2"},
				"south": {"uv": [10.33333, 12, 10.66667, 12.33333], "texture": "#2"},
				"west": {"uv": [10.33333, 12, 10.33333, 12.33333], "texture": "#2"},
				"up": {"uv": [10.33333, 12, 10, 12], "texture": "#2"},
				"down": {"uv": [10.66667, 12, 10.33333, 12], "texture": "#2"}
			}
		},
		{
			"from": [12, 1, 4],
			"to": [13, 2, 4],
			"faces": {
				"north": {"uv": [4.66667, 12.66667, 5, 13], "texture": "#2"},
				"east": {"uv": [4.66667, 12.66667, 4.66667, 13], "texture": "#2"},
				"south": {"uv": [5, 12.66667, 5.33333, 13], "texture": "#2"},
				"west": {"uv": [5, 12.66667, 5, 13], "texture": "#2"},
				"up": {"uv": [5, 12.66667, 4.66667, 12.66667], "texture": "#2"},
				"down": {"uv": [5.33333, 12.66667, 5, 12.66667], "texture": "#2"}
			}
		},
		{
			"from": [15.5, 1.5, 0.5],
			"to": [16.5, 2.5, 2.5],
			"faces": {
				"north": {"uv": [10, 10.66667, 10.33333, 11], "texture": "#2"},
				"east": {"uv": [9.33333, 10.66667, 10, 11], "texture": "#2"},
				"south": {"uv": [11, 10.66667, 11.33333, 11], "texture": "#2"},
				"west": {"uv": [10.33333, 10.66667, 11, 11], "texture": "#2"},
				"up": {"uv": [10.33333, 10.66667, 10, 10], "texture": "#2"},
				"down": {"uv": [10.66667, 10, 10.33333, 10.66667], "texture": "#2"}
			}
		},
		{
			"from": [14, 8, 12],
			"to": [18, 9, 12],
			"faces": {
				"north": {"uv": [9.33333, 11, 10.66667, 11.33333], "texture": "#2"},
				"east": {"uv": [9.33333, 11, 9.33333, 11.33333], "texture": "#2"},
				"south": {"uv": [10.66667, 11, 12, 11.33333], "texture": "#2"},
				"west": {"uv": [10.66667, 11, 10.66667, 11.33333], "texture": "#2"},
				"up": {"uv": [10.66667, 11, 9.33333, 11], "texture": "#2"},
				"down": {"uv": [12, 11, 10.66667, 11], "texture": "#2"}
			}
		},
		{
			"from": [14, -1, 12],
			"to": [18, 0, 12],
			"faces": {
				"north": {"uv": [4, 12.33333, 5.33333, 12.66667], "texture": "#2"},
				"east": {"uv": [4, 12.33333, 4, 12.66667], "texture": "#2"},
				"south": {"uv": [5.33333, 12.33333, 6.66667, 12.66667], "texture": "#2"},
				"west": {"uv": [5.33333, 12.33333, 5.33333, 12.66667], "texture": "#2"},
				"up": {"uv": [5.33333, 12.33333, 4, 12.33333], "texture": "#2"},
				"down": {"uv": [6.66667, 12.33333, 5.33333, 12.33333], "texture": "#2"}
			}
		},
		{
			"from": [18, 7, 12],
			"to": [19, 8, 12],
			"faces": {
				"north": {"uv": [10, 11.33333, 10.33333, 11.66667], "texture": "#2"},
				"east": {"uv": [10, 11.33333, 10, 11.66667], "texture": "#2"},
				"south": {"uv": [10.33333, 11.33333, 10.66667, 11.66667], "texture": "#2"},
				"west": {"uv": [10.33333, 11.33333, 10.33333, 11.66667], "texture": "#2"},
				"up": {"uv": [10.33333, 11.33333, 10, 11.33333], "texture": "#2"},
				"down": {"uv": [10.66667, 11.33333, 10.33333, 11.33333], "texture": "#2"}
			}
		},
		{
			"from": [19, 6, 12],
			"to": [20, 7, 12],
			"faces": {
				"north": {"uv": [9.33333, 12.33333, 9.66667, 12.66667], "texture": "#2"},
				"east": {"uv": [9.33333, 12.33333, 9.33333, 12.66667], "texture": "#2"},
				"south": {"uv": [9.66667, 12.33333, 10, 12.66667], "texture": "#2"},
				"west": {"uv": [9.66667, 12.33333, 9.66667, 12.66667], "texture": "#2"},
				"up": {"uv": [9.66667, 12.33333, 9.33333, 12.33333], "texture": "#2"},
				"down": {"uv": [10, 12.33333, 9.66667, 12.33333], "texture": "#2"}
			}
		},
		{
			"from": [20, 2, 12],
			"to": [21, 6, 12],
			"faces": {
				"north": {"uv": [7.33333, 11.33333, 7.66667, 12.66667], "texture": "#2"},
				"east": {"uv": [7.33333, 11.33333, 7.33333, 12.66667], "texture": "#2"},
				"south": {"uv": [7.66667, 11.33333, 8, 12.66667], "texture": "#2"},
				"west": {"uv": [7.66667, 11.33333, 7.66667, 12.66667], "texture": "#2"},
				"up": {"uv": [7.66667, 11.33333, 7.33333, 11.33333], "texture": "#2"},
				"down": {"uv": [8, 11.33333, 7.66667, 11.33333], "texture": "#2"}
			}
		},
		{
			"from": [19, 1, 12],
			"to": [20, 2, 12],
			"faces": {
				"north": {"uv": [9.33333, 11.66667, 9.66667, 12], "texture": "#2"},
				"east": {"uv": [9.33333, 11.66667, 9.33333, 12], "texture": "#2"},
				"south": {"uv": [9.66667, 11.66667, 10, 12], "texture": "#2"},
				"west": {"uv": [9.66667, 11.66667, 9.66667, 12], "texture": "#2"},
				"up": {"uv": [9.66667, 11.66667, 9.33333, 11.66667], "texture": "#2"},
				"down": {"uv": [10, 11.66667, 9.66667, 11.66667], "texture": "#2"}
			}
		},
		{
			"from": [18, 0, 12],
			"to": [19, 1, 12],
			"faces": {
				"north": {"uv": [10, 12.33333, 10.33333, 12.66667], "texture": "#2"},
				"east": {"uv": [10, 12.33333, 10, 12.66667], "texture": "#2"},
				"south": {"uv": [10.33333, 12.33333, 10.66667, 12.66667], "texture": "#2"},
				"west": {"uv": [10.33333, 12.33333, 10.33333, 12.66667], "texture": "#2"},
				"up": {"uv": [10.33333, 12.33333, 10, 12.33333], "texture": "#2"},
				"down": {"uv": [10.66667, 12.33333, 10.33333, 12.33333], "texture": "#2"}
			}
		},
		{
			"from": [13, 0, 12],
			"to": [14, 1, 12],
			"faces": {
				"north": {"uv": [10, 11.66667, 10.33333, 12], "texture": "#2"},
				"east": {"uv": [10, 11.66667, 10, 12], "texture": "#2"},
				"south": {"uv": [10.33333, 11.66667, 10.66667, 12], "texture": "#2"},
				"west": {"uv": [10.33333, 11.66667, 10.33333, 12], "texture": "#2"},
				"up": {"uv": [10.33333, 11.66667, 10, 11.66667], "texture": "#2"},
				"down": {"uv": [10.66667, 11.66667, 10.33333, 11.66667], "texture": "#2"}
			}
		},
		{
			"from": [13, 7, 12],
			"to": [14, 8, 12],
			"faces": {
				"north": {"uv": [9.33333, 12, 9.66667, 12.33333], "texture": "#2"},
				"east": {"uv": [9.33333, 12, 9.33333, 12.33333], "texture": "#2"},
				"south": {"uv": [9.66667, 12, 10, 12.33333], "texture": "#2"},
				"west": {"uv": [9.66667, 12, 9.66667, 12.33333], "texture": "#2"},
				"up": {"uv": [9.66667, 12, 9.33333, 12], "texture": "#2"},
				"down": {"uv": [10, 12, 9.66667, 12], "texture": "#2"}
			}
		},
		{
			"from": [11, 2, 12],
			"to": [12, 6, 12],
			"faces": {
				"north": {"uv": [6.66667, 11.33333, 7, 12.66667], "texture": "#2"},
				"east": {"uv": [6.66667, 11.33333, 6.66667, 12.66667], "texture": "#2"},
				"south": {"uv": [7, 11.33333, 7.33333, 12.66667], "texture": "#2"},
				"west": {"uv": [7, 11.33333, 7, 12.66667], "texture": "#2"},
				"up": {"uv": [7, 11.33333, 6.66667, 11.33333], "texture": "#2"},
				"down": {"uv": [7.33333, 11.33333, 7, 11.33333], "texture": "#2"}
			}
		},
		{
			"from": [12, 6, 12],
			"to": [13, 7, 12],
			"faces": {
				"north": {"uv": [2.66667, 12.66667, 3, 13], "texture": "#2"},
				"east": {"uv": [2.66667, 12.66667, 2.66667, 13], "texture": "#2"},
				"south": {"uv": [3, 12.66667, 3.33333, 13], "texture": "#2"},
				"west": {"uv": [3, 12.66667, 3, 13], "texture": "#2"},
				"up": {"uv": [3, 12.66667, 2.66667, 12.66667], "texture": "#2"},
				"down": {"uv": [3.33333, 12.66667, 3, 12.66667], "texture": "#2"}
			}
		},
		{
			"from": [12, 1, 12],
			"to": [13, 2, 12],
			"faces": {
				"north": {"uv": [9.33333, 11.33333, 9.66667, 11.66667], "texture": "#2"},
				"east": {"uv": [9.33333, 11.33333, 9.33333, 11.66667], "texture": "#2"},
				"south": {"uv": [9.66667, 11.33333, 10, 11.66667], "texture": "#2"},
				"west": {"uv": [9.66667, 11.33333, 9.66667, 11.66667], "texture": "#2"},
				"up": {"uv": [9.66667, 11.33333, 9.33333, 11.33333], "texture": "#2"},
				"down": {"uv": [10, 11.33333, 9.66667, 11.33333], "texture": "#2"}
			}
		},
		{
			"from": [12, 2, 2],
			"to": [13, 6, 4],
			"faces": {
				"north": {"uv": [5.33333, 8, 5.66667, 9.33333], "texture": "#2"},
				"east": {"uv": [4.66667, 8, 5.33333, 9.33333], "texture": "#2"},
				"south": {"uv": [6.33333, 8, 6.66667, 9.33333], "texture": "#2"},
				"west": {"uv": [5.66667, 8, 6.33333, 9.33333], "texture": "#2"},
				"up": {"uv": [5.66667, 8, 5.33333, 7.33333], "texture": "#2"},
				"down": {"uv": [6, 7.33333, 5.66667, 8], "texture": "#2"}
			}
		},
		{
			"from": [12, 2, 12],
			"to": [13, 6, 14],
			"faces": {
				"north": {"uv": [3.33333, 8, 3.66667, 9.33333], "texture": "#2"},
				"east": {"uv": [2.66667, 8, 3.33333, 9.33333], "texture": "#2"},
				"south": {"uv": [4.33333, 8, 4.66667, 9.33333], "texture": "#2"},
				"west": {"uv": [3.66667, 8, 4.33333, 9.33333], "texture": "#2"},
				"up": {"uv": [3.66667, 8, 3.33333, 7.33333], "texture": "#2"},
				"down": {"uv": [4, 7.33333, 3.66667, 8], "texture": "#2"}
			}
		},
		{
			"from": [13, 6, 12],
			"to": [14, 7, 14],
			"faces": {
				"north": {"uv": [0.66667, 12, 1, 12.33333], "texture": "#2"},
				"east": {"uv": [0, 12, 0.66667, 12.33333], "texture": "#2"},
				"south": {"uv": [1.66667, 12, 2, 12.33333], "texture": "#2"},
				"west": {"uv": [1, 12, 1.66667, 12.33333], "texture": "#2"},
				"up": {"uv": [1, 12, 0.66667, 11.33333], "texture": "#2"},
				"down": {"uv": [1.33333, 11.33333, 1, 12], "texture": "#2"}
			}
		},
		{
			"from": [14, 7, 12],
			"to": [18, 8, 14],
			"faces": {
				"north": {"uv": [10, 2, 11.33333, 2.33333], "texture": "#2"},
				"east": {"uv": [9.33333, 2, 10, 2.33333], "texture": "#2"},
				"south": {"uv": [12, 2, 13.33333, 2.33333], "texture": "#2"},
				"west": {"uv": [11.33333, 2, 12, 2.33333], "texture": "#2"},
				"up": {"uv": [11.33333, 2, 10, 1.33333], "texture": "#2"},
				"down": {"uv": [12.66667, 1.33333, 11.33333, 2], "texture": "#2"}
			}
		},
		{
			"from": [17, 6, 12],
			"to": [19, 7, 14],
			"faces": {
				"north": {"uv": [10, 8, 10.66667, 8.33333], "texture": "#2"},
				"east": {"uv": [9.33333, 8, 10, 8.33333], "texture": "#2"},
				"south": {"uv": [11.33333, 8, 12, 8.33333], "texture": "#2"},
				"west": {"uv": [10.66667, 8, 11.33333, 8.33333], "texture": "#2"},
				"up": {"uv": [10.66667, 8, 10, 7.33333], "texture": "#2"},
				"down": {"uv": [11.33333, 7.33333, 10.66667, 8], "texture": "#2"}
			}
		},
		{
			"from": [18, 2, 12],
			"to": [20, 6, 14],
			"faces": {
				"north": {"uv": [4.66667, 5.33333, 5.33333, 6.66667], "texture": "#2"},
				"east": {"uv": [4, 5.33333, 4.66667, 6.66667], "texture": "#2"},
				"south": {"uv": [6, 5.33333, 6.66667, 6.66667], "texture": "#2"},
				"west": {"uv": [5.33333, 5.33333, 6, 6.66667], "texture": "#2"},
				"up": {"uv": [5.33333, 5.33333, 4.66667, 4.66667], "texture": "#2"},
				"down": {"uv": [6, 4.66667, 5.33333, 5.33333], "texture": "#2"}
			}
		},
		{
			"from": [14, 0, 12],
			"to": [18, 1, 14],
			"faces": {
				"north": {"uv": [0.66667, 5.33333, 2, 5.66667], "texture": "#2"},
				"east": {"uv": [0, 5.33333, 0.66667, 5.66667], "texture": "#2"},
				"south": {"uv": [2.66667, 5.33333, 4, 5.66667], "texture": "#2"},
				"west": {"uv": [2, 5.33333, 2.66667, 5.66667], "texture": "#2"},
				"up": {"uv": [2, 5.33333, 0.66667, 4.66667], "texture": "#2"},
				"down": {"uv": [3.33333, 4.66667, 2, 5.33333], "texture": "#2"}
			}
		},
		{
			"from": [13, 1, 12],
			"to": [14, 2, 14],
			"faces": {
				"north": {"uv": [2.66667, 12, 3, 12.33333], "texture": "#2"},
				"east": {"uv": [2, 12, 2.66667, 12.33333], "texture": "#2"},
				"south": {"uv": [3.66667, 12, 4, 12.33333], "texture": "#2"},
				"west": {"uv": [3, 12, 3.66667, 12.33333], "texture": "#2"},
				"up": {"uv": [3, 12, 2.66667, 11.33333], "texture": "#2"},
				"down": {"uv": [3.33333, 11.33333, 3, 12], "texture": "#2"}
			}
		},
		{
			"from": [17, 1, 12],
			"to": [19, 2, 14],
			"faces": {
				"north": {"uv": [0.66667, 10.66667, 1.33333, 11], "texture": "#2"},
				"east": {"uv": [0, 10.66667, 0.66667, 11], "texture": "#2"},
				"south": {"uv": [2, 10.66667, 2.66667, 11], "texture": "#2"},
				"west": {"uv": [1.33333, 10.66667, 2, 11], "texture": "#2"},
				"up": {"uv": [1.33333, 10.66667, 0.66667, 10], "texture": "#2"},
				"down": {"uv": [2, 10, 1.33333, 10.66667], "texture": "#2"}
			}
		},
		{
			"from": [15.5, 0.5, 12.5],
			"to": [16.5, 7.5, 13.5],
			"rotation": {"angle": 90, "axis": "z", "origin": [16, 4, 13]},
			"faces": {
				"north": {"uv": [1.66667, 7.66667, 2, 10], "texture": "#2"},
				"east": {"uv": [1.33333, 7.66667, 1.66667, 10], "texture": "#2"},
				"south": {"uv": [2.33333, 7.66667, 2.66667, 10], "texture": "#2"},
				"west": {"uv": [2, 7.66667, 2.33333, 10], "texture": "#2"},
				"up": {"uv": [2, 7.66667, 1.66667, 7.33333], "texture": "#2"},
				"down": {"uv": [2.33333, 7.33333, 2, 7.66667], "texture": "#2"}
			}
		},
		{
			"from": [15.5, 0.5, 2.5],
			"to": [16.5, 7.5, 3.5],
			"faces": {
				"north": {"uv": [0.33333, 7.66667, 0.66667, 10], "texture": "#2"},
				"east": {"uv": [0, 7.66667, 0.33333, 10], "texture": "#2"},
				"south": {"uv": [1, 7.66667, 1.33333, 10], "texture": "#2"},
				"west": {"uv": [0.66667, 7.66667, 1, 10], "texture": "#2"},
				"up": {"uv": [0.66667, 7.66667, 0.33333, 7.33333], "texture": "#2"},
				"down": {"uv": [1, 7.33333, 0.66667, 7.66667], "texture": "#2"}
			}
		},
		{
			"from": [15.5, 0.5, 2.5],
			"to": [16.5, 7.5, 3.5],
			"rotation": {"angle": 135, "axis": "z", "origin": [16, 4, 3]},
			"faces": {
				"north": {"uv": [8.33333, 7.66667, 8.66667, 10], "texture": "#2"},
				"east": {"uv": [8, 7.66667, 8.33333, 10], "texture": "#2"},
				"south": {"uv": [9, 7.66667, 9.33333, 10], "texture": "#2"},
				"west": {"uv": [8.66667, 7.66667, 9, 10], "texture": "#2"},
				"up": {"uv": [8.66667, 7.66667, 8.33333, 7.33333], "texture": "#2"},
				"down": {"uv": [9, 7.33333, 8.66667, 7.66667], "texture": "#2"}
			}
		},
		{
			"from": [15.5, 0.5, 2.5],
			"to": [16.5, 7.5, 3.5],
			"rotation": {"angle": 225, "axis": "z", "origin": [16, 4, 3]},
			"faces": {
				"north": {"uv": [11, 5, 11.33333, 7.33333], "texture": "#2"},
				"east": {"uv": [10.66667, 5, 11, 7.33333], "texture": "#2"},
				"south": {"uv": [11.66667, 5, 12, 7.33333], "texture": "#2"},
				"west": {"uv": [11.33333, 5, 11.66667, 7.33333], "texture": "#2"},
				"up": {"uv": [11.33333, 5, 11, 4.66667], "texture": "#2"},
				"down": {"uv": [11.66667, 4.66667, 11.33333, 5], "texture": "#2"}
			}
		},
		{
			"from": [15.5, 0.5, 2.5],
			"to": [16.5, 7.5, 3.5],
			"rotation": {"angle": 90, "axis": "z", "origin": [16, 4, 3]},
			"faces": {
				"north": {"uv": [9.66667, 5, 10, 7.33333], "texture": "#2"},
				"east": {"uv": [9.33333, 5, 9.66667, 7.33333], "texture": "#2"},
				"south": {"uv": [10.33333, 5, 10.66667, 7.33333], "texture": "#2"},
				"west": {"uv": [10, 5, 10.33333, 7.33333], "texture": "#2"},
				"up": {"uv": [10, 5, 9.66667, 4.66667], "texture": "#2"},
				"down": {"uv": [10.33333, 4.66667, 10, 5], "texture": "#2"}
			}
		},
		{
			"from": [13.5, 3.5, 13.5],
			"to": [14.5, 4.5, 15.5],
			"faces": {
				"north": {"uv": [4.66667, 12, 5, 12.33333], "texture": "#2"},
				"east": {"uv": [4, 12, 4.66667, 12.33333], "texture": "#2"},
				"south": {"uv": [5.66667, 12, 6, 12.33333], "texture": "#2"},
				"west": {"uv": [5, 12, 5.66667, 12.33333], "texture": "#2"},
				"up": {"uv": [5, 12, 4.66667, 11.33333], "texture": "#2"},
				"down": {"uv": [5.33333, 11.33333, 5, 12], "texture": "#2"}
			}
		},
		{
			"from": [-16, 2, 4.5],
			"to": [26, 10, 5.5],
			"faces": {
				"north": {"uv": [0.04, 2.68, 1.72, 3], "texture": "#0"},
				"east": {"uv": [0, 2.68, 0.04, 3], "texture": "#0"},
				"south": {"uv": [1.76, 2.68, 3.44, 3], "texture": "#0"},
				"west": {"uv": [1.72, 2.68, 1.76, 3], "texture": "#0"},
				"up": {"uv": [1.72, 2.68, 0.04, 2.64], "texture": "#0"},
				"down": {"uv": [3.4, 2.64, 1.72, 2.68], "texture": "#0"}
			}
		},
		{
			"from": [-16, 2, 10.5],
			"to": [26, 10, 11.5],
			"faces": {
				"north": {"uv": [8.44, 0.68, 10.12, 1], "texture": "#0"},
				"east": {"uv": [8.4, 0.68, 8.44, 1], "texture": "#0"},
				"south": {"uv": [10.16, 0.68, 11.84, 1], "texture": "#0"},
				"west": {"uv": [10.12, 0.68, 10.16, 1], "texture": "#0"},
				"up": {"uv": [10.12, 0.68, 8.44, 0.64], "texture": "#0"},
				"down": {"uv": [11.8, 0.64, 10.12, 0.68], "texture": "#0"}
			}
		},
		{
			"from": [26, 2, 10.5],
			"to": [41, 5, 11.5],
			"faces": {
				"north": {"uv": [3.64, 4.68, 4.24, 4.8], "texture": "#0"},
				"east": {"uv": [3.6, 4.68, 3.64, 4.8], "texture": "#0"},
				"south": {"uv": [4.28, 4.68, 4.88, 4.8], "texture": "#0"},
				"west": {"uv": [4.24, 4.68, 4.28, 4.8], "texture": "#0"},
				"up": {"uv": [4.24, 4.68, 3.64, 4.64], "texture": "#0"},
				"down": {"uv": [4.84, 4.64, 4.24, 4.68], "texture": "#0"}
			}
		},
		{
			"from": [26, 2, 4.5],
			"to": [41, 5, 5.5],
			"faces": {
				"north": {"uv": [4.92, 5.32, 5.52, 5.44], "texture": "#0"},
				"east": {"uv": [4.88, 5.32, 4.92, 5.44], "texture": "#0"},
				"south": {"uv": [5.56, 5.32, 6.16, 5.44], "texture": "#0"},
				"west": {"uv": [5.52, 5.32, 5.56, 5.44], "texture": "#0"},
				"up": {"uv": [5.52, 5.32, 4.92, 5.28], "texture": "#0"},
				"down": {"uv": [6.12, 5.28, 5.52, 5.32], "texture": "#0"}
			}
		},
		{
			"from": [26, 5, -4.5],
			"to": [41, 6, 20.5],
			"faces": {
				"north": {"uv": [4.12, 1.64, 4.72, 1.68], "texture": "#0"},
				"east": {"uv": [3.12, 1.64, 4.12, 1.68], "texture": "#0"},
				"south": {"uv": [5.72, 1.64, 6.32, 1.68], "texture": "#0"},
				"west": {"uv": [4.72, 1.64, 5.72, 1.68], "texture": "#0"},
				"up": {"uv": [4.72, 1.64, 4.12, 0.64], "texture": "#0"},
				"down": {"uv": [5.32, 0.64, 4.72, 1.64], "texture": "#0"}
			}
		},
		{
			"from": [41, 2, -4.5],
			"to": [42, 27, 20.5],
			"faces": {
				"north": {"uv": [7.32, 1.64, 7.36, 2.64], "texture": "#0"},
				"east": {"uv": [6.32, 1.64, 7.32, 2.64], "texture": "#0"},
				"south": {"uv": [8.36, 1.64, 8.4, 2.64], "texture": "#0"},
				"west": {"uv": [7.36, 1.64, 8.36, 2.64], "texture": "#0"},
				"up": {"uv": [7.36, 1.64, 7.32, 0.64], "texture": "#0"},
				"down": {"uv": [7.4, 0.64, 7.36, 1.64], "texture": "#0"}
			}
		},
		{
			"from": [20, 2, 5.5],
			"to": [21, 10, 10.5],
			"faces": {
				"north": {"uv": [0.68, 6.52, 0.72, 6.84], "texture": "#0"},
				"east": {"uv": [0.48, 6.52, 0.68, 6.84], "texture": "#0"},
				"south": {"uv": [0.92, 6.52, 0.96, 6.84], "texture": "#0"},
				"west": {"uv": [0.72, 6.52, 0.92, 6.84], "texture": "#0"},
				"up": {"uv": [0.72, 6.52, 0.68, 6.32], "texture": "#0"},
				"down": {"uv": [0.76, 6.32, 0.72, 6.52], "texture": "#0"}
			}
		},
		{
			"from": [7, 2, 5.5],
			"to": [8, 10, 10.5],
			"faces": {
				"north": {"uv": [7.56, 5.8, 7.6, 6.12], "texture": "#0"},
				"east": {"uv": [7.36, 5.8, 7.56, 6.12], "texture": "#0"},
				"south": {"uv": [7.8, 5.8, 7.84, 6.12], "texture": "#0"},
				"west": {"uv": [7.6, 5.8, 7.8, 6.12], "texture": "#0"},
				"up": {"uv": [7.6, 5.8, 7.56, 5.6], "texture": "#0"},
				"down": {"uv": [7.64, 5.6, 7.6, 5.8], "texture": "#0"}
			}
		},
		{
			"from": [-16, 2, 5.5],
			"to": [-15, 10, 10.5],
			"faces": {
				"north": {"uv": [0.2, 6.52, 0.24, 6.84], "texture": "#0"},
				"east": {"uv": [0, 6.52, 0.2, 6.84], "texture": "#0"},
				"south": {"uv": [0.44, 6.52, 0.48, 6.84], "texture": "#0"},
				"west": {"uv": [0.24, 6.52, 0.44, 6.84], "texture": "#0"},
				"up": {"uv": [0.24, 6.52, 0.2, 6.32], "texture": "#0"},
				"down": {"uv": [0.28, 6.32, 0.24, 6.52], "texture": "#0"}
			}
		},
		{
			"from": [26, 6, -4.5],
			"to": [27, 10, 20.5],
			"faces": {
				"north": {"uv": [6.76, 3.64, 6.8, 3.8], "texture": "#0"},
				"east": {"uv": [5.76, 3.64, 6.76, 3.8], "texture": "#0"},
				"south": {"uv": [7.8, 3.64, 7.84, 3.8], "texture": "#0"},
				"west": {"uv": [6.8, 3.64, 7.8, 3.8], "texture": "#0"},
				"up": {"uv": [6.8, 3.64, 6.76, 2.64], "texture": "#0"},
				"down": {"uv": [6.84, 2.64, 6.8, 3.64], "texture": "#0"}
			}
		},
		{
			"from": [7, 10, -4.5],
			"to": [21, 21, 20.5],
			"faces": {
				"north": {"uv": [1, 1.64, 1.56, 2.08], "texture": "#0"},
				"east": {"uv": [0, 1.64, 1, 2.08], "texture": "#0"},
				"south": {"uv": [2.56, 1.64, 3.12, 2.08], "texture": "#0"},
				"west": {"uv": [1.56, 1.64, 2.56, 2.08], "texture": "#0"},
				"up": {"uv": [1.56, 1.64, 1, 0.64], "texture": "#0"},
				"down": {"uv": [2.12, 0.64, 1.56, 1.64], "texture": "#0"}
			}
		},
		{
			"from": [21, 10, -3.5],
			"to": [27, 11, 19.5],
			"faces": {
				"north": {"uv": [4.36, 3.56, 4.6, 3.6], "texture": "#0"},
				"east": {"uv": [3.44, 3.56, 4.36, 3.6], "texture": "#0"},
				"south": {"uv": [5.52, 3.56, 5.76, 3.6], "texture": "#0"},
				"west": {"uv": [4.6, 3.56, 5.52, 3.6], "texture": "#0"},
				"up": {"uv": [4.6, 3.56, 4.36, 2.64], "texture": "#0"},
				"down": {"uv": [4.84, 2.64, 4.6, 3.56], "texture": "#0"}
			}
		},
		{
			"from": [21, 10, -4.5],
			"to": [33, 21, -3.5],
			"faces": {
				"north": {"uv": [2.6, 5.16, 3.08, 5.6], "texture": "#0"},
				"east": {"uv": [2.56, 5.16, 2.6, 5.6], "texture": "#0"},
				"south": {"uv": [3.12, 5.16, 3.6, 5.6], "texture": "#0"},
				"west": {"uv": [3.08, 5.16, 3.12, 5.6], "texture": "#0"},
				"up": {"uv": [3.08, 5.16, 2.6, 5.12], "texture": "#0"},
				"down": {"uv": [3.56, 5.12, 3.08, 5.16], "texture": "#0"}
			}
		},
		{
			"from": [21, 10, 19.5],
			"to": [33, 21, 20.5],
			"faces": {
				"north": {"uv": [2.6, 4.68, 3.08, 5.12], "texture": "#0"},
				"east": {"uv": [2.56, 4.68, 2.6, 5.12], "texture": "#0"},
				"south": {"uv": [3.12, 4.68, 3.6, 5.12], "texture": "#0"},
				"west": {"uv": [3.08, 4.68, 3.12, 5.12], "texture": "#0"},
				"up": {"uv": [3.08, 4.68, 2.6, 4.64], "texture": "#0"},
				"down": {"uv": [3.56, 4.64, 3.08, 4.68], "texture": "#0"}
			}
		},
		{
			"from": [27, 6, -4.5],
			"to": [33, 10, -3.5],
			"faces": {
				"north": {"uv": [5, 6.36, 5.24, 6.52], "texture": "#0"},
				"east": {"uv": [4.96, 6.36, 5, 6.52], "texture": "#0"},
				"south": {"uv": [5.28, 6.36, 5.52, 6.52], "texture": "#0"},
				"west": {"uv": [5.24, 6.36, 5.28, 6.52], "texture": "#0"},
				"up": {"uv": [5.24, 6.36, 5, 6.32], "texture": "#0"},
				"down": {"uv": [5.48, 6.32, 5.24, 6.36], "texture": "#0"}
			}
		},
		{
			"from": [27, 6, 19.5],
			"to": [33, 10, 20.5],
			"faces": {
				"north": {"uv": [5, 6.56, 5.24, 6.72], "texture": "#0"},
				"east": {"uv": [4.96, 6.56, 5, 6.72], "texture": "#0"},
				"south": {"uv": [5.28, 6.56, 5.52, 6.72], "texture": "#0"},
				"west": {"uv": [5.24, 6.56, 5.28, 6.72], "texture": "#0"},
				"up": {"uv": [5.24, 6.56, 5, 6.52], "texture": "#0"},
				"down": {"uv": [5.48, 6.52, 5.24, 6.56], "texture": "#0"}
			}
		},
		{
			"from": [20, 21, 17.5],
			"to": [21, 36, 20.5],
			"faces": {
				"north": {"uv": [6.04, 5.72, 6.08, 6.32], "texture": "#0"},
				"east": {"uv": [5.92, 5.72, 6.04, 6.32], "texture": "#0"},
				"south": {"uv": [6.2, 5.72, 6.24, 6.32], "texture": "#0"},
				"west": {"uv": [6.08, 5.72, 6.2, 6.32], "texture": "#0"},
				"up": {"uv": [6.08, 5.72, 6.04, 5.6], "texture": "#0"},
				"down": {"uv": [6.12, 5.6, 6.08, 5.72], "texture": "#0"}
			}
		},
		{
			"from": [21, 21, -4.5],
			"to": [30, 36, -3.5],
			"faces": {
				"north": {"uv": [4.92, 4.68, 5.28, 5.28], "texture": "#0"},
				"east": {"uv": [4.88, 4.68, 4.92, 5.28], "texture": "#0"},
				"south": {"uv": [5.32, 4.68, 5.68, 5.28], "texture": "#0"},
				"west": {"uv": [5.28, 4.68, 5.32, 5.28], "texture": "#0"},
				"up": {"uv": [5.28, 4.68, 4.92, 4.64], "texture": "#0"},
				"down": {"uv": [5.64, 4.64, 5.28, 4.68], "texture": "#0"}
			}
		},
		{
			"from": [21, 21, 19.5],
			"to": [30, 36, 20.5],
			"faces": {
				"north": {"uv": [3.64, 4.84, 4, 5.44], "texture": "#0"},
				"east": {"uv": [3.6, 4.84, 3.64, 5.44], "texture": "#0"},
				"south": {"uv": [4.04, 4.84, 4.4, 5.44], "texture": "#0"},
				"west": {"uv": [4, 4.84, 4.04, 5.44], "texture": "#0"},
				"up": {"uv": [4, 4.84, 3.64, 4.8], "texture": "#0"},
				"down": {"uv": [4.36, 4.8, 4, 4.84], "texture": "#0"}
			}
		},
		{
			"from": [-16, 10, 3.5],
			"to": [7, 11, 12.5],
			"faces": {
				"north": {"uv": [8.2, 3, 9.12, 3.04], "texture": "#0"},
				"east": {"uv": [7.84, 3, 8.2, 3.04], "texture": "#0"},
				"south": {"uv": [9.48, 3, 10.4, 3.04], "texture": "#0"},
				"west": {"uv": [9.12, 3, 9.48, 3.04], "texture": "#0"},
				"up": {"uv": [9.12, 3, 8.2, 2.64], "texture": "#0"},
				"down": {"uv": [10.04, 2.64, 9.12, 3], "texture": "#0"}
			}
		},
		{
			"from": [20, 21, -4.5],
			"to": [21, 36, -1.5],
			"faces": {
				"north": {"uv": [6.36, 5.72, 6.4, 6.32], "texture": "#0"},
				"east": {"uv": [6.24, 5.72, 6.36, 6.32], "texture": "#0"},
				"south": {"uv": [6.52, 5.72, 6.56, 6.32], "texture": "#0"},
				"west": {"uv": [6.4, 5.72, 6.52, 6.32], "texture": "#0"},
				"up": {"uv": [6.4, 5.72, 6.36, 5.6], "texture": "#0"},
				"down": {"uv": [6.44, 5.6, 6.4, 5.72], "texture": "#0"}
			}
		},
		{
			"from": [20, 22, 3.5],
			"to": [21, 37, 12.5],
			"faces": {
				"north": {"uv": [1.32, 5, 1.36, 5.6], "texture": "#0"},
				"east": {"uv": [0.96, 5, 1.32, 5.6], "texture": "#0"},
				"south": {"uv": [1.72, 5, 1.76, 5.6], "texture": "#0"},
				"west": {"uv": [1.36, 5, 1.72, 5.6], "texture": "#0"},
				"up": {"uv": [1.36, 5, 1.32, 4.64], "texture": "#0"},
				"down": {"uv": [1.4, 4.64, 1.36, 5], "texture": "#0"}
			}
		},
		{
			"from": [20, 21, -1.5],
			"to": [21, 27, 3.5],
			"faces": {
				"north": {"uv": [1.32, 6.52, 1.36, 6.76], "texture": "#0"},
				"east": {"uv": [1.12, 6.52, 1.32, 6.76], "texture": "#0"},
				"south": {"uv": [1.56, 6.52, 1.6, 6.76], "texture": "#0"},
				"west": {"uv": [1.36, 6.52, 1.56, 6.76], "texture": "#0"},
				"up": {"uv": [1.36, 6.52, 1.32, 6.32], "texture": "#0"},
				"down": {"uv": [1.4, 6.32, 1.36, 6.52], "texture": "#0"}
			}
		},
		{
			"from": [20, 34, 12.5],
			"to": [21, 37, 17.5],
			"faces": {
				"north": {"uv": [4.68, 6.52, 4.72, 6.64], "texture": "#0"},
				"east": {"uv": [4.48, 6.52, 4.68, 6.64], "texture": "#0"},
				"south": {"uv": [4.92, 6.52, 4.96, 6.64], "texture": "#0"},
				"west": {"uv": [4.72, 6.52, 4.92, 6.64], "texture": "#0"},
				"up": {"uv": [4.72, 6.52, 4.68, 6.32], "texture": "#0"},
				"down": {"uv": [4.76, 6.32, 4.72, 6.52], "texture": "#0"}
			}
		},
		{
			"from": [20, 34, -1.5],
			"to": [21, 37, 3.5],
			"faces": {
				"north": {"uv": [4.2, 6.52, 4.24, 6.64], "texture": "#0"},
				"east": {"uv": [4, 6.52, 4.2, 6.64], "texture": "#0"},
				"south": {"uv": [4.44, 6.52, 4.48, 6.64], "texture": "#0"},
				"west": {"uv": [4.24, 6.52, 4.44, 6.64], "texture": "#0"},
				"up": {"uv": [4.24, 6.52, 4.2, 6.32], "texture": "#0"},
				"down": {"uv": [4.28, 6.32, 4.24, 6.52], "texture": "#0"}
			}
		},
		{
			"from": [20, 21, 12.5],
			"to": [21, 27, 17.5],
			"faces": {
				"north": {"uv": [1.8, 6.52, 1.84, 6.76], "texture": "#0"},
				"east": {"uv": [1.6, 6.52, 1.8, 6.76], "texture": "#0"},
				"south": {"uv": [2.04, 6.52, 2.08, 6.76], "texture": "#0"},
				"west": {"uv": [1.84, 6.52, 2.04, 6.76], "texture": "#0"},
				"up": {"uv": [1.84, 6.52, 1.8, 6.32], "texture": "#0"},
				"down": {"uv": [1.88, 6.32, 1.84, 6.52], "texture": "#0"}
			}
		},
		{
			"from": [41, 27, 17.5],
			"to": [42, 36, 20.5],
			"faces": {
				"north": {"uv": [3.64, 6.76, 3.68, 7.12], "texture": "#0"},
				"east": {"uv": [3.52, 6.76, 3.64, 7.12], "texture": "#0"},
				"south": {"uv": [3.8, 6.76, 3.84, 7.12], "texture": "#0"},
				"west": {"uv": [3.68, 6.76, 3.8, 7.12], "texture": "#0"},
				"up": {"uv": [3.68, 6.76, 3.64, 6.64], "texture": "#0"},
				"down": {"uv": [3.72, 6.64, 3.68, 6.76], "texture": "#0"}
			}
		},
		{
			"from": [41, 27, 3.5],
			"to": [42, 37, 12.5],
			"faces": {
				"north": {"uv": [2.12, 5, 2.16, 5.4], "texture": "#0"},
				"east": {"uv": [1.76, 5, 2.12, 5.4], "texture": "#0"},
				"south": {"uv": [2.52, 5, 2.56, 5.4], "texture": "#0"},
				"west": {"uv": [2.16, 5, 2.52, 5.4], "texture": "#0"},
				"up": {"uv": [2.16, 5, 2.12, 4.64], "texture": "#0"},
				"down": {"uv": [2.2, 4.64, 2.16, 5], "texture": "#0"}
			}
		},
		{
			"from": [41, 27, -4.5],
			"to": [42, 36, -1.5],
			"faces": {
				"north": {"uv": [4.12, 6.76, 4.16, 7.12], "texture": "#0"},
				"east": {"uv": [4, 6.76, 4.12, 7.12], "texture": "#0"},
				"south": {"uv": [4.28, 6.76, 4.32, 7.12], "texture": "#0"},
				"west": {"uv": [4.16, 6.76, 4.28, 7.12], "texture": "#0"},
				"up": {"uv": [4.16, 6.76, 4.12, 6.64], "texture": "#0"},
				"down": {"uv": [4.2, 6.64, 4.16, 6.76], "texture": "#0"}
			}
		},
		{
			"from": [41, 34, -1.5],
			"to": [42, 37, 3.5],
			"faces": {
				"north": {"uv": [3.72, 6.52, 3.76, 6.64], "texture": "#0"},
				"east": {"uv": [3.52, 6.52, 3.72, 6.64], "texture": "#0"},
				"south": {"uv": [3.96, 6.52, 4, 6.64], "texture": "#0"},
				"west": {"uv": [3.76, 6.52, 3.96, 6.64], "texture": "#0"},
				"up": {"uv": [3.76, 6.52, 3.72, 6.32], "texture": "#0"},
				"down": {"uv": [3.8, 6.32, 3.76, 6.52], "texture": "#0"}
			}
		},
		{
			"from": [41, 34, 12.5],
			"to": [42, 37, 17.5],
			"faces": {
				"north": {"uv": [4.68, 6.84, 4.72, 6.96], "texture": "#0"},
				"east": {"uv": [4.48, 6.84, 4.68, 6.96], "texture": "#0"},
				"south": {"uv": [4.92, 6.84, 4.96, 6.96], "texture": "#0"},
				"west": {"uv": [4.72, 6.84, 4.92, 6.96], "texture": "#0"},
				"up": {"uv": [4.72, 6.84, 4.68, 6.64], "texture": "#0"},
				"down": {"uv": [4.76, 6.64, 4.72, 6.84], "texture": "#0"}
			}
		},
		{
			"from": [-15, 13, 5.5],
			"to": [30, 24, 10.5],
			"faces": {
				"north": {"uv": [0.2, 0.2, 2, 0.64], "texture": "#0"},
				"east": {"uv": [0, 0.2, 0.2, 0.64], "texture": "#0"},
				"south": {"uv": [2.2, 0.2, 4, 0.64], "texture": "#0"},
				"west": {"uv": [2, 0.2, 2.2, 0.64], "texture": "#0"},
				"up": {"uv": [2, 0.2, 0.2, 0], "texture": "#0"},
				"down": {"uv": [3.8, 0, 2, 0.2], "texture": "#0"}
			}
		},
		{
			"from": [-12, 11, 5.5],
			"to": [-6, 19, 10.5],
			"faces": {
				"north": {"uv": [6.36, 4.84, 6.6, 5.16], "texture": "#0"},
				"east": {"uv": [6.16, 4.84, 6.36, 5.16], "texture": "#0"},
				"south": {"uv": [6.8, 4.84, 7.04, 5.16], "texture": "#0"},
				"west": {"uv": [6.6, 4.84, 6.8, 5.16], "texture": "#0"},
				"up": {"uv": [6.6, 4.84, 6.36, 4.64], "texture": "#0"},
				"down": {"uv": [6.84, 4.64, 6.6, 4.84], "texture": "#0"}
			}
		},
		{
			"from": [-15, 13, 5.5],
			"to": [30, 24, 10.5],
			"rotation": {"angle": 45, "axis": "x", "origin": [7.5, 18.5, 8]},
			"faces": {
				"north": {"uv": [4.2, 0.2, 6, 0.64], "texture": "#0"},
				"east": {"uv": [4, 0.2, 4.2, 0.64], "texture": "#0"},
				"south": {"uv": [6.2, 0.2, 8, 0.64], "texture": "#0"},
				"west": {"uv": [6, 0.2, 6.2, 0.64], "texture": "#0"},
				"up": {"uv": [6, 0.2, 4.2, 0], "texture": "#0"},
				"down": {"uv": [7.8, 0, 6, 0.2], "texture": "#0"}
			}
		},
		{
			"from": [-15, 13, 5.5],
			"to": [30, 24, 10.5],
			"rotation": {"angle": 90, "axis": "x", "origin": [7.5, 18.5, 8]},
			"faces": {
				"north": {"uv": [8.2, 0.2, 10, 0.64], "texture": "#0"},
				"east": {"uv": [8, 0.2, 8.2, 0.64], "texture": "#0"},
				"south": {"uv": [10.2, 0.2, 12, 0.64], "texture": "#0"},
				"west": {"uv": [10, 0.2, 10.2, 0.64], "texture": "#0"},
				"up": {"uv": [10, 0.2, 8.2, 0], "texture": "#0"},
				"down": {"uv": [11.8, 0, 10, 0.2], "texture": "#0"}
			}
		},
		{
			"from": [-15, 13, 5.5],
			"to": [30, 24, 10.5],
			"rotation": {"angle": 135, "axis": "x", "origin": [7.5, 18.5, 8]},
			"faces": {
				"north": {"uv": [12.2, 0.2, 14, 0.64], "texture": "#0"},
				"east": {"uv": [12, 0.2, 12.2, 0.64], "texture": "#0"},
				"south": {"uv": [14.2, 0.2, 16, 0.64], "texture": "#0"},
				"west": {"uv": [14, 0.2, 14.2, 0.64], "texture": "#0"},
				"up": {"uv": [14, 0.2, 12.2, 0], "texture": "#0"},
				"down": {"uv": [15.8, 0, 14, 0.2], "texture": "#0"}
			}
		},
		{
			"from": [39, 6, -4.5],
			"to": [41, 21, -3.5],
			"faces": {
				"north": {"uv": [2.6, 6.36, 2.68, 6.96], "texture": "#0"},
				"east": {"uv": [2.56, 6.36, 2.6, 6.96], "texture": "#0"},
				"south": {"uv": [2.72, 6.36, 2.8, 6.96], "texture": "#0"},
				"west": {"uv": [2.68, 6.36, 2.72, 6.96], "texture": "#0"},
				"up": {"uv": [2.68, 6.36, 2.6, 6.32], "texture": "#0"},
				"down": {"uv": [2.76, 6.32, 2.68, 6.36], "texture": "#0"}
			}
		},
		{
			"from": [39, 6, 19.5],
			"to": [41, 21, 20.5],
			"faces": {
				"north": {"uv": [3.32, 6.36, 3.4, 6.96], "texture": "#0"},
				"east": {"uv": [3.28, 6.36, 3.32, 6.96], "texture": "#0"},
				"south": {"uv": [3.44, 6.36, 3.52, 6.96], "texture": "#0"},
				"west": {"uv": [3.4, 6.36, 3.44, 6.96], "texture": "#0"},
				"up": {"uv": [3.4, 6.36, 3.32, 6.32], "texture": "#0"},
				"down": {"uv": [3.48, 6.32, 3.4, 6.36], "texture": "#0"}
			}
		},
		{
			"from": [-11, 24, 6.5],
			"to": [-8, 37, 9.5],
			"faces": {
				"north": {"uv": [4.92, 5.72, 5.04, 6.24], "texture": "#0"},
				"east": {"uv": [4.8, 5.72, 4.92, 6.24], "texture": "#0"},
				"south": {"uv": [5.16, 5.72, 5.28, 6.24], "texture": "#0"},
				"west": {"uv": [5.04, 5.72, 5.16, 6.24], "texture": "#0"},
				"up": {"uv": [5.04, 5.72, 4.92, 5.6], "texture": "#0"},
				"down": {"uv": [5.16, 5.6, 5.04, 5.72], "texture": "#0"}
			}
		},
		{
			"from": [11, 24, 5.5],
			"to": [17, 29, 10.5],
			"faces": {
				"north": {"uv": [2.2, 5.8, 2.44, 6], "texture": "#0"},
				"east": {"uv": [2, 5.8, 2.2, 6], "texture": "#0"},
				"south": {"uv": [2.64, 5.8, 2.88, 6], "texture": "#0"},
				"west": {"uv": [2.44, 5.8, 2.64, 6], "texture": "#0"},
				"up": {"uv": [2.44, 5.8, 2.2, 5.6], "texture": "#0"},
				"down": {"uv": [2.68, 5.6, 2.44, 5.8], "texture": "#0"}
			}
		},
		{
			"from": [0, 24, 5.5],
			"to": [5, 31, 10.5],
			"faces": {
				"north": {"uv": [1.4, 5.8, 1.6, 6.08], "texture": "#0"},
				"east": {"uv": [1.2, 5.8, 1.4, 6.08], "texture": "#0"},
				"south": {"uv": [1.8, 5.8, 2, 6.08], "texture": "#0"},
				"west": {"uv": [1.6, 5.8, 1.8, 6.08], "texture": "#0"},
				"up": {"uv": [1.6, 5.8, 1.4, 5.6], "texture": "#0"},
				"down": {"uv": [1.8, 5.6, 1.6, 5.8], "texture": "#0"}
			}
		},
		{
			"from": [-13, 4, 11.5],
			"to": [-8, 10, 16.5],
			"rotation": {"angle": -45, "axis": "x", "origin": [-10.5, 4.5, 14]},
			"faces": {
				"north": {"uv": [3.4, 5.8, 3.6, 6.04], "texture": "#0"},
				"east": {"uv": [3.2, 5.8, 3.4, 6.04], "texture": "#0"},
				"south": {"uv": [3.8, 5.8, 4, 6.04], "texture": "#0"},
				"west": {"uv": [3.6, 5.8, 3.8, 6.04], "texture": "#0"},
				"up": {"uv": [3.6, 5.8, 3.4, 5.6], "texture": "#0"},
				"down": {"uv": [3.8, 5.6, 3.6, 5.8], "texture": "#0"}
			}
		},
		{
			"from": [-14, 2, -0.5],
			"to": [-7, 7, 4.5],
			"faces": {
				"north": {"uv": [0.2, 5.8, 0.48, 6], "texture": "#0"},
				"east": {"uv": [0, 5.8, 0.2, 6], "texture": "#0"},
				"south": {"uv": [0.68, 5.8, 0.96, 6], "texture": "#0"},
				"west": {"uv": [0.48, 5.8, 0.68, 6], "texture": "#0"},
				"up": {"uv": [0.48, 5.8, 0.2, 5.6], "texture": "#0"},
				"down": {"uv": [0.76, 5.6, 0.48, 5.8], "texture": "#0"}
			}
		},
		{
			"from": [-12, 37, 5.5],
			"to": [-7, 38, 10.5],
			"faces": {
				"north": {"uv": [6.76, 5.8, 6.96, 5.84], "texture": "#0"},
				"east": {"uv": [6.56, 5.8, 6.76, 5.84], "texture": "#0"},
				"south": {"uv": [7.16, 5.8, 7.36, 5.84], "texture": "#0"},
				"west": {"uv": [6.96, 5.8, 7.16, 5.84], "texture": "#0"},
				"up": {"uv": [6.96, 5.8, 6.76, 5.6], "texture": "#0"},
				"down": {"uv": [7.16, 5.6, 6.96, 5.8], "texture": "#0"}
			}
		},
		{
			"from": [18, 38, 5.5],
			"to": [44, 39, 10.5],
			"faces": {
				"north": {"uv": [2.76, 4, 3.8, 4.04], "texture": "#0"},
				"east": {"uv": [2.56, 4, 2.76, 4.04], "texture": "#0"},
				"south": {"uv": [4, 4, 5.04, 4.04], "texture": "#0"},
				"west": {"uv": [3.8, 4, 4, 4.04], "texture": "#0"},
				"up": {"uv": [3.8, 4, 2.76, 3.8], "texture": "#0"},
				"down": {"uv": [4.84, 3.8, 3.8, 4], "texture": "#0"}
			}
		},
		{
			"from": [18, 38, 0.5],
			"to": [44, 39, 5.5],
			"rotation": {"angle": -10, "axis": "x", "origin": [31, 39, 5.5]},
			"faces": {
				"north": {"uv": [0.2, 4.52, 1.24, 4.56], "texture": "#0"},
				"east": {"uv": [0, 4.52, 0.2, 4.56], "texture": "#0"},
				"south": {"uv": [1.44, 4.52, 2.48, 4.56], "texture": "#0"},
				"west": {"uv": [1.24, 4.52, 1.44, 4.56], "texture": "#0"},
				"up": {"uv": [1.24, 4.52, 0.2, 4.32], "texture": "#0"},
				"down": {"uv": [2.28, 4.32, 1.24, 4.52], "texture": "#0"}
			}
		},
		{
			"from": [18, 38, 10.5],
			"to": [44, 39, 15.5],
			"rotation": {"angle": 10, "axis": "x", "origin": [31, 39, 10.5]},
			"faces": {
				"north": {"uv": [0.2, 4.28, 1.24, 4.32], "texture": "#0"},
				"east": {"uv": [0, 4.28, 0.2, 4.32], "texture": "#0"},
				"south": {"uv": [1.44, 4.28, 2.48, 4.32], "texture": "#0"},
				"west": {"uv": [1.24, 4.28, 1.44, 4.32], "texture": "#0"},
				"up": {"uv": [1.24, 4.28, 0.2, 4.08], "texture": "#0"},
				"down": {"uv": [2.28, 4.08, 1.24, 4.28], "texture": "#0"}
			}
		},
		{
			"from": [18, 37.13176, -5.42404],
			"to": [44, 38.13176, 0.57596],
			"rotation": {"angle": -20, "axis": "x", "origin": [31, 38.13176, 0.57596]},
			"faces": {
				"north": {"uv": [0.24, 4.04, 1.28, 4.08], "texture": "#0"},
				"east": {"uv": [0, 4.04, 0.24, 4.08], "texture": "#0"},
				"south": {"uv": [1.52, 4.04, 2.56, 4.08], "texture": "#0"},
				"west": {"uv": [1.28, 4.04, 1.52, 4.08], "texture": "#0"},
				"up": {"uv": [1.28, 4.04, 0.24, 3.8], "texture": "#0"},
				"down": {"uv": [2.32, 3.8, 1.28, 4.04], "texture": "#0"}
			}
		},
		{
			"from": [18, 37.13176, 15.42404],
			"to": [44, 38.13176, 21.42404],
			"rotation": {"angle": 20, "axis": "x", "origin": [31, 38.13176, 15.42404]},
			"faces": {
				"north": {"uv": [8.08, 3.28, 9.12, 3.32], "texture": "#0"},
				"east": {"uv": [7.84, 3.28, 8.08, 3.32], "texture": "#0"},
				"south": {"uv": [9.36, 3.28, 10.4, 3.32], "texture": "#0"},
				"west": {"uv": [9.12, 3.28, 9.36, 3.32], "texture": "#0"},
				"up": {"uv": [9.12, 3.28, 8.08, 3.04], "texture": "#0"},
				"down": {"uv": [10.16, 3.04, 9.12, 3.28], "texture": "#0"}
			}
		},
		{
			"from": [41, 37, 0.5],
			"to": [42, 38, 15.5],
			"faces": {
				"north": {"uv": [7.08, 4.4, 7.12, 4.44], "texture": "#0"},
				"east": {"uv": [6.48, 4.4, 7.08, 4.44], "texture": "#0"},
				"south": {"uv": [7.72, 4.4, 7.76, 4.44], "texture": "#0"},
				"west": {"uv": [7.12, 4.4, 7.72, 4.44], "texture": "#0"},
				"up": {"uv": [7.12, 4.4, 7.08, 3.8], "texture": "#0"},
				"down": {"uv": [7.16, 3.8, 7.12, 4.4], "texture": "#0"}
			}
		},
		{
			"from": [20, 37, 0.5],
			"to": [21, 38, 15.5],
			"faces": {
				"north": {"uv": [8.36, 4.4, 8.4, 4.44], "texture": "#0"},
				"east": {"uv": [7.76, 4.4, 8.36, 4.44], "texture": "#0"},
				"south": {"uv": [9, 4.4, 9.04, 4.44], "texture": "#0"},
				"west": {"uv": [8.4, 4.4, 9, 4.44], "texture": "#0"},
				"up": {"uv": [8.4, 4.4, 8.36, 3.8], "texture": "#0"},
				"down": {"uv": [8.44, 3.8, 8.4, 4.4], "texture": "#0"}
			}
		},
		{
			"from": [22, 13, 10.5],
			"to": [30, 24, 20.5],
			"rotation": {"angle": 90, "axis": "x", "origin": [7.5, 18.5, 8]},
			"faces": {
				"north": {"uv": [5.44, 4.2, 5.76, 4.64], "texture": "#0"},
				"east": {"uv": [5.04, 4.2, 5.44, 4.64], "texture": "#0"},
				"south": {"uv": [6.16, 4.2, 6.48, 4.64], "texture": "#0"},
				"west": {"uv": [5.76, 4.2, 6.16, 4.64], "texture": "#0"},
				"up": {"uv": [5.76, 4.2, 5.44, 3.8], "texture": "#0"},
				"down": {"uv": [6.08, 3.8, 5.76, 4.2], "texture": "#0"}
			}
		},
		{
			"from": [-1, 1, 1],
			"to": [1, 3, 2],
			"faces": {
				"north": {"uv": [0.52, 7.16, 0.6, 7.24], "texture": "#0"},
				"east": {"uv": [0.48, 7.16, 0.52, 7.24], "texture": "#0"},
				"south": {"uv": [0.64, 7.16, 0.72, 7.24], "texture": "#0"},
				"west": {"uv": [0.6, 7.16, 0.64, 7.24], "texture": "#0"},
				"up": {"uv": [0.6, 7.16, 0.52, 7.12], "texture": "#0"},
				"down": {"uv": [0.68, 7.12, 0.6, 7.16], "texture": "#0"}
			}
		},
		{
			"from": [15, 1, 1],
			"to": [17, 3, 2],
			"faces": {
				"north": {"uv": [0.04, 7.16, 0.12, 7.24], "texture": "#0"},
				"east": {"uv": [0, 7.16, 0.04, 7.24], "texture": "#0"},
				"south": {"uv": [0.16, 7.16, 0.24, 7.24], "texture": "#0"},
				"west": {"uv": [0.12, 7.16, 0.16, 7.24], "texture": "#0"},
				"up": {"uv": [0.12, 7.16, 0.04, 7.12], "texture": "#0"},
				"down": {"uv": [0.2, 7.12, 0.12, 7.16], "texture": "#0"}
			}
		},
		{
			"from": [1, 1.5, 1],
			"to": [15, 2.5, 2],
			"faces": {
				"north": {"uv": [2.04, 6.04, 2.6, 6.08], "texture": "#0"},
				"east": {"uv": [2, 6.04, 2.04, 6.08], "texture": "#0"},
				"south": {"uv": [2.64, 6.04, 3.2, 6.08], "texture": "#0"},
				"west": {"uv": [2.6, 6.04, 2.64, 6.08], "texture": "#0"},
				"up": {"uv": [2.6, 6.04, 2.04, 6], "texture": "#0"},
				"down": {"uv": [3.16, 6, 2.6, 6.04], "texture": "#0"}
			}
		},
		{
			"from": [-1, 3.5, 14],
			"to": [13, 4.5, 15],
			"faces": {
				"north": {"uv": [0.04, 6.04, 0.6, 6.08], "texture": "#0"},
				"east": {"uv": [0, 6.04, 0.04, 6.08], "texture": "#0"},
				"south": {"uv": [0.64, 6.04, 1.2, 6.08], "texture": "#0"},
				"west": {"uv": [0.6, 6.04, 0.64, 6.08], "texture": "#0"},
				"up": {"uv": [0.6, 6.04, 0.04, 6], "texture": "#0"},
				"down": {"uv": [1.16, 6, 0.6, 6.04], "texture": "#0"}
			}
		},
		{
			"from": [-3, 3, 14],
			"to": [-1, 5, 15],
			"faces": {
				"north": {"uv": [0.76, 7.16, 0.84, 7.24], "texture": "#0"},
				"east": {"uv": [0.72, 7.16, 0.76, 7.24], "texture": "#0"},
				"south": {"uv": [0.88, 7.16, 0.96, 7.24], "texture": "#0"},
				"west": {"uv": [0.84, 7.16, 0.88, 7.24], "texture": "#0"},
				"up": {"uv": [0.84, 7.16, 0.76, 7.12], "texture": "#0"},
				"down": {"uv": [0.92, 7.12, 0.84, 7.16], "texture": "#0"}
			}
		},
		{
			"from": [13, 3, 14],
			"to": [15, 5, 15],
			"faces": {
				"north": {"uv": [0.28, 7.16, 0.36, 7.24], "texture": "#0"},
				"east": {"uv": [0.24, 7.16, 0.28, 7.24], "texture": "#0"},
				"south": {"uv": [0.4, 7.16, 0.48, 7.24], "texture": "#0"},
				"west": {"uv": [0.36, 7.16, 0.4, 7.24], "texture": "#0"},
				"up": {"uv": [0.36, 7.16, 0.28, 7.12], "texture": "#0"},
				"down": {"uv": [0.44, 7.12, 0.36, 7.16], "texture": "#0"}
			}
		},
		{
			"from": [-13, 4, -0.5],
			"to": [-8, 10, 4.5],
			"rotation": {"angle": 45, "axis": "x", "origin": [-10.5, 4.5, 2]},
			"faces": {
				"north": {"uv": [4.2, 5.8, 4.4, 6.04], "texture": "#0"},
				"east": {"uv": [4, 5.8, 4.2, 6.04], "texture": "#0"},
				"south": {"uv": [4.6, 5.8, 4.8, 6.04], "texture": "#0"},
				"west": {"uv": [4.4, 5.8, 4.6, 6.04], "texture": "#0"},
				"up": {"uv": [4.4, 5.8, 4.2, 5.6], "texture": "#0"},
				"down": {"uv": [4.6, 5.6, 4.4, 5.8], "texture": "#0"}
			}
		},
		{
			"from": [-14, 2, 11.5],
			"to": [-7, 7, 16.5],
			"faces": {
				"north": {"uv": [6.36, 5.36, 6.64, 5.56], "texture": "#0"},
				"east": {"uv": [6.16, 5.36, 6.36, 5.56], "texture": "#0"},
				"south": {"uv": [6.84, 5.36, 7.12, 5.56], "texture": "#0"},
				"west": {"uv": [6.64, 5.36, 6.84, 5.56], "texture": "#0"},
				"up": {"uv": [6.64, 5.36, 6.36, 5.16], "texture": "#0"},
				"down": {"uv": [6.92, 5.16, 6.64, 5.36], "texture": "#0"}
			}
		},
		{
			"from": [2, 31, 7.5],
			"to": [3, 33, 8.5],
			"faces": {
				"north": {"uv": [1.16, 7.16, 1.2, 7.24], "texture": "#0"},
				"east": {"uv": [1.12, 7.16, 1.16, 7.24], "texture": "#0"},
				"south": {"uv": [1.24, 7.16, 1.28, 7.24], "texture": "#0"},
				"west": {"uv": [1.2, 7.16, 1.24, 7.24], "texture": "#0"},
				"up": {"uv": [1.2, 7.16, 1.16, 7.12], "texture": "#0"},
				"down": {"uv": [1.24, 7.12, 1.2, 7.16], "texture": "#0"}
			}
		},
		{
			"from": [-17, 3, 5.5],
			"to": [-16, 8, 10.5],
			"faces": {
				"north": {"uv": [2.28, 6.52, 2.32, 6.72], "texture": "#0"},
				"east": {"uv": [2.08, 6.52, 2.28, 6.72], "texture": "#0"},
				"south": {"uv": [2.52, 6.52, 2.56, 6.72], "texture": "#0"},
				"west": {"uv": [2.32, 6.52, 2.52, 6.72], "texture": "#0"},
				"up": {"uv": [2.32, 6.52, 2.28, 6.32], "texture": "#0"},
				"down": {"uv": [2.36, 6.32, 2.32, 6.52], "texture": "#0"}
			}
		},
		{
			"from": [-19, 4.5, 7],
			"to": [-17, 6.5, 9],
			"faces": {
				"north": {"uv": [5.04, 6.8, 5.12, 6.88], "texture": "#0"},
				"east": {"uv": [4.96, 6.8, 5.04, 6.88], "texture": "#0"},
				"south": {"uv": [5.2, 6.8, 5.28, 6.88], "texture": "#0"},
				"west": {"uv": [5.12, 6.8, 5.2, 6.88], "texture": "#0"},
				"up": {"uv": [5.12, 6.8, 5.04, 6.72], "texture": "#0"},
				"down": {"uv": [5.2, 6.72, 5.12, 6.8], "texture": "#0"}
			}
		},
		{
			"from": [-20, 4, 4.5],
			"to": [-19, 7, 11.5],
			"faces": {
				"north": {"uv": [6.84, 6.12, 6.88, 6.24], "texture": "#0"},
				"east": {"uv": [6.56, 6.12, 6.84, 6.24], "texture": "#0"},
				"south": {"uv": [7.16, 6.12, 7.2, 6.24], "texture": "#0"},
				"west": {"uv": [6.88, 6.12, 7.16, 6.24], "texture": "#0"},
				"up": {"uv": [6.88, 6.12, 6.84, 5.84], "texture": "#0"},
				"down": {"uv": [6.92, 5.84, 6.88, 6.12], "texture": "#0"}
			}
		},
		{
			"from": [-20, 7, 7.5],
			"to": [-19, 9, 8.5],
			"faces": {
				"north": {"uv": [1, 7.16, 1.04, 7.24], "texture": "#0"},
				"east": {"uv": [0.96, 7.16, 1, 7.24], "texture": "#0"},
				"south": {"uv": [1.08, 7.16, 1.12, 7.24], "texture": "#0"},
				"west": {"uv": [1.04, 7.16, 1.08, 7.24], "texture": "#0"},
				"up": {"uv": [1.04, 7.16, 1, 7.12], "texture": "#0"},
				"down": {"uv": [1.08, 7.12, 1.04, 7.16], "texture": "#0"}
			}
		},
		{
			"from": [45, 4, 4.5],
			"to": [46, 7, 11.5],
			"faces": {
				"north": {"uv": [5.56, 5.88, 5.6, 6], "texture": "#0"},
				"east": {"uv": [5.28, 5.88, 5.56, 6], "texture": "#0"},
				"south": {"uv": [5.88, 5.88, 5.92, 6], "texture": "#0"},
				"west": {"uv": [5.6, 5.88, 5.88, 6], "texture": "#0"},
				"up": {"uv": [5.6, 5.88, 5.56, 5.6], "texture": "#0"},
				"down": {"uv": [5.64, 5.6, 5.6, 5.88], "texture": "#0"}
			}
		},
		{
			"from": [45, 7, 7.5],
			"to": [46, 9, 8.5],
			"faces": {
				"north": {"uv": [1.48, 7.16, 1.52, 7.24], "texture": "#0"},
				"east": {"uv": [1.44, 7.16, 1.48, 7.24], "texture": "#0"},
				"south": {"uv": [1.56, 7.16, 1.6, 7.24], "texture": "#0"},
				"west": {"uv": [1.52, 7.16, 1.56, 7.24], "texture": "#0"},
				"up": {"uv": [1.52, 7.16, 1.48, 7.12], "texture": "#0"},
				"down": {"uv": [1.56, 7.12, 1.52, 7.16], "texture": "#0"}
			}
		},
		{
			"from": [43, 4.5, 7],
			"to": [45, 6.5, 9],
			"faces": {
				"north": {"uv": [5.04, 6.96, 5.12, 7.04], "texture": "#0"},
				"east": {"uv": [4.96, 6.96, 5.04, 7.04], "texture": "#0"},
				"south": {"uv": [5.2, 6.96, 5.28, 7.04], "texture": "#0"},
				"west": {"uv": [5.12, 6.96, 5.2, 7.04], "texture": "#0"},
				"up": {"uv": [5.12, 6.96, 5.04, 6.88], "texture": "#0"},
				"down": {"uv": [5.2, 6.88, 5.12, 6.96], "texture": "#0"}
			}
		},
		{
			"from": [42, 3, 5.5],
			"to": [43, 8, 10.5],
			"faces": {
				"north": {"uv": [3, 6.52, 3.04, 6.72], "texture": "#0"},
				"east": {"uv": [2.8, 6.52, 3, 6.72], "texture": "#0"},
				"south": {"uv": [3.24, 6.52, 3.28, 6.72], "texture": "#0"},
				"west": {"uv": [3.04, 6.52, 3.24, 6.72], "texture": "#0"},
				"up": {"uv": [3.04, 6.52, 3, 6.32], "texture": "#0"},
				"down": {"uv": [3.08, 6.32, 3.04, 6.52], "texture": "#0"}
			}
		},
		{
			"from": [29, 6, 1.5],
			"to": [30, 25, 2.5],
			"rotation": {"angle": -10, "axis": "z", "origin": [29.5, 15.5, 2]},
			"faces": {
				"north": {"uv": [1, 6.36, 1.04, 7.12], "texture": "#0"},
				"east": {"uv": [0.96, 6.36, 1, 7.12], "texture": "#0"},
				"south": {"uv": [1.08, 6.36, 1.12, 7.12], "texture": "#0"},
				"west": {"uv": [1.04, 6.36, 1.08, 7.12], "texture": "#0"},
				"up": {"uv": [1.04, 6.36, 1, 6.32], "texture": "#0"},
				"down": {"uv": [1.08, 6.32, 1.04, 6.36], "texture": "#0"}
			}
		},
		{
			"from": [20, 39, 7.5],
			"to": [21, 41, 8.5],
			"faces": {
				"north": {"uv": [1.32, 7.16, 1.36, 7.24], "texture": "#0"},
				"east": {"uv": [1.28, 7.16, 1.32, 7.24], "texture": "#0"},
				"south": {"uv": [1.4, 7.16, 1.44, 7.24], "texture": "#0"},
				"west": {"uv": [1.36, 7.16, 1.4, 7.24], "texture": "#0"},
				"up": {"uv": [1.36, 7.16, 1.32, 7.12], "texture": "#0"},
				"down": {"uv": [1.4, 7.12, 1.36, 7.16], "texture": "#0"}
			}
		},
		{
			"from": [-15.1, 13, 2.5],
			"to": [-14.1, 23, 13.5],
			"faces": {
				"north": {"uv": [0.44, 5.08, 0.48, 5.48], "texture": "#0"},
				"east": {"uv": [0, 5.08, 0.44, 5.48], "texture": "#0"},
				"south": {"uv": [0.92, 5.08, 0.96, 5.48], "texture": "#0"},
				"west": {"uv": [0.48, 5.08, 0.92, 5.48], "texture": "#0"},
				"up": {"uv": [0.48, 5.08, 0.44, 4.64], "texture": "#0"},
				"down": {"uv": [0.52, 4.64, 0.48, 5.08], "texture": "#0"}
			}
		}
	],
	"display": {
		"thirdperson_righthand": {
			"rotation": [68, -85, 0],
			"translation": [-11, 12.5, -16.5]
		}
	},
	"groups": [
		{
			"name": "group",
			"children": [0, 1, 2, 3, 4, 5, 6, 7, 8, 9, 10, 11, 12, 13, 14, 15, 16, 17, 18, 19, 20, 21, 22, 23, 24, 25, 26, 27, 28, 29, 30, 31, 32, 33, 34, 35, 36, 37, 38, 39, 40, 41, 42, 43, 44, 45, 46, 47, 48, 49, 50]
		},
		{
			"name": "group",
			"children": [51, 52, 53, 54, 55, 56, 57, 58, 59, 60, 61, 62, 63, 64, 65, 66, 67, 68, 69, 70, 71, 72, 73, 74, 75, 76, 77, 78, 79, 80, 81, 82, 83, 84, 85, 86, 87, 88, 89, 90, 91, 92, 93, 94, 95, 96, 97, 98, 99, 100, 101]
		}, 102, 103, 104, 105, 106, 107, 108, 109, 110, 111, 112, 113, 114, 115, 116, 117, 118, 119, 120, 121, 122, 123, 124, 125, 126, 127, 128, 129, 130, 131, 132, 133, 134, 135, 136, 137, 138, 139, 140, 141, 142, 143, 144, 145, 146, 147, 148, 149, 150, 151, 152, 153, 154, 155, 156, 157, 158, 159, 160, 161, 162, 163, 164, 165, 166, 167, 168, 169, 170, 171, 172, 173]
}