{
	"credit": "Made with Blockbench",
	"textures": {
		"0": "Minecraft mod 1/Curve5",
		"particle": "Minecraft mod 1/Curve5"
	},
	"elements": [
		{
			"from": [-58, 0, 64],
			"to": [-54, 1, 80],
			"rotation": {"angle": 50, "axis": "y", "origin": [-56, 0.5, 8]},
			"faces": {
				"north": {"uv": [2.66667, 2.66667, 3.33333, 2.83333], "texture": "#0"},
				"east": {"uv": [0, 2.66667, 2.66667, 2.83333], "texture": "#0"},
				"south": {"uv": [6, 2.66667, 6.66667, 2.83333], "texture": "#0"},
				"west": {"uv": [3.33333, 2.66667, 6, 2.83333], "texture": "#0"},
				"up": {"uv": [3.33333, 2.66667, 2.66667, 0], "texture": "#0"},
				"down": {"uv": [4, 0, 3.33333, 2.66667], "texture": "#0"}
			}
		},
		{
			"from": [-58, 0, 64],
			"to": [-54, 1, 80],
			"rotation": {"angle": 60, "axis": "y", "origin": [-56, 0.5, 8]},
			"faces": {
				"north": {"uv": [2.66667, 8.33333, 3.33333, 8.5], "texture": "#0"},
				"east": {"uv": [0, 8.33333, 2.66667, 8.5], "texture": "#0"},
				"south": {"uv": [6, 8.33333, 6.66667, 8.5], "texture": "#0"},
				"west": {"uv": [3.33333, 8.33333, 6, 8.5], "texture": "#0"},
				"up": {"uv": [3.33333, 8.33333, 2.66667, 5.66667], "texture": "#0"},
				"down": {"uv": [4, 5.66667, 3.33333, 8.33333], "texture": "#0"}
			}
		},
		{
			"from": [-58, 0, 64],
			"to": [-54, 1, 80],
			"rotation": {"angle": 70, "axis": "y", "origin": [-56, 0.5, 8]},
			"faces": {
				"north": {"uv": [9.33333, 2.66667, 10, 2.83333], "texture": "#0"},
				"east": {"uv": [6.66667, 2.66667, 9.33333, 2.83333], "texture": "#0"},
				"south": {"uv": [12.66667, 2.66667, 13.33333, 2.83333], "texture": "#0"},
				"west": {"uv": [10, 2.66667, 12.66667, 2.83333], "texture": "#0"},
				"up": {"uv": [10, 2.66667, 9.33333, 0], "texture": "#0"},
				"down": {"uv": [10.66667, 0, 10, 2.66667], "texture": "#0"}
			}
		},
		{
			"from": [-58, 0, 64],
			"to": [-54, 1, 80],
			"rotation": {"angle": 80, "axis": "y", "origin": [-56, 0.5, 8]},
			"faces": {
				"north": {"uv": [2.66667, 5.5, 3.33333, 5.66667], "texture": "#0"},
				"east": {"uv": [0, 5.5, 2.66667, 5.66667], "texture": "#0"},
				"south": {"uv": [6, 5.5, 6.66667, 5.66667], "texture": "#0"},
				"west": {"uv": [3.33333, 5.5, 6, 5.66667], "texture": "#0"},
				"up": {"uv": [3.33333, 5.5, 2.66667, 2.83333], "texture": "#0"},
				"down": {"uv": [4, 2.83333, 3.33333, 5.5], "texture": "#0"}
			}
		},
		{
			"from": [-58, 0, 64],
			"to": [-54, 1, 80],
			"rotation": {"angle": 90, "axis": "y", "origin": [-56, 0.5, 8]},
			"faces": {
				"north": {"uv": [9.33333, 5.5, 10, 5.66667], "texture": "#0"},
				"east": {"uv": [6.66667, 5.5, 9.33333, 5.66667], "texture": "#0"},
				"south": {"uv": [12.66667, 5.5, 13.33333, 5.66667], "texture": "#0"},
				"west": {"uv": [10, 5.5, 12.66667, 5.66667], "texture": "#0"},
				"up": {"uv": [10, 5.5, 9.33333, 2.83333], "texture": "#0"},
				"down": {"uv": [10.66667, 2.83333, 10, 5.5], "texture": "#0"}
			}
		},
		{
			"from": [-59, 1, 67],
			"to": [-48, 3, 68],
			"rotation": {"angle": 90, "axis": "y", "origin": [-56, 0.5, 8]},
			"faces": {
				"north": {"uv": [6.83333, 5.83333, 8.66667, 6.16667], "texture": "#0"},
				"east": {"uv": [6.66667, 5.83333, 6.83333, 6.16667], "texture": "#0"},
				"south": {"uv": [8.83333, 5.83333, 10.66667, 6.16667], "texture": "#0"},
				"west": {"uv": [8.66667, 5.83333, 8.83333, 6.16667], "texture": "#0"},
				"up": {"uv": [8.66667, 5.83333, 6.83333, 5.66667], "texture": "#0"},
				"down": {"uv": [10.5, 5.66667, 8.66667, 5.83333], "texture": "#0"}
			}
		},
		{
			"from": [-59, 1, 76],
			"to": [-48, 3, 77],
			"rotation": {"angle": 90, "axis": "y", "origin": [-56, 0.5, 8]},
			"faces": {
				"north": {"uv": [6.83333, 6.33333, 8.66667, 6.66667], "texture": "#0"},
				"east": {"uv": [6.66667, 6.33333, 6.83333, 6.66667], "texture": "#0"},
				"south": {"uv": [8.83333, 6.33333, 10.66667, 6.66667], "texture": "#0"},
				"west": {"uv": [8.66667, 6.33333, 8.83333, 6.66667], "texture": "#0"},
				"up": {"uv": [8.66667, 6.33333, 6.83333, 6.16667], "texture": "#0"},
				"down": {"uv": [10.5, 6.16667, 8.66667, 6.33333], "texture": "#0"}
			}
		},
		{
			"from": [-59, 1, 67],
			"to": [-53, 3, 68],
			"rotation": {"angle": 80, "axis": "y", "origin": [-56, 0.5, 8]},
			"faces": {
				"north": {"uv": [0.16667, 8.66667, 1.16667, 9], "texture": "#0"},
				"east": {"uv": [0, 8.66667, 0.16667, 9], "texture": "#0"},
				"south": {"uv": [1.33333, 8.66667, 2.33333, 9], "texture": "#0"},
				"west": {"uv": [1.16667, 8.66667, 1.33333, 9], "texture": "#0"},
				"up": {"uv": [1.16667, 8.66667, 0.16667, 8.5], "texture": "#0"},
				"down": {"uv": [2.16667, 8.5, 1.16667, 8.66667], "texture": "#0"}
			}
		},
		{
			"from": [-59, 1, 76],
			"to": [-53, 3, 77],
			"rotation": {"angle": 80, "axis": "y", "origin": [-56, 0.5, 8]},
			"faces": {
				"north": {"uv": [2.5, 8.66667, 3.5, 9], "texture": "#0"},
				"east": {"uv": [2.33333, 8.66667, 2.5, 9], "texture": "#0"},
				"south": {"uv": [3.66667, 8.66667, 4.66667, 9], "texture": "#0"},
				"west": {"uv": [3.5, 8.66667, 3.66667, 9], "texture": "#0"},
				"up": {"uv": [3.5, 8.66667, 2.5, 8.5], "texture": "#0"},
				"down": {"uv": [4.5, 8.5, 3.5, 8.66667], "texture": "#0"}
			}
		},
		{
			"from": [-59, 1, 67],
			"to": [-53, 3, 68],
			"rotation": {"angle": 70, "axis": "y", "origin": [-56, 0.5, 8]},
			"faces": {
				"north": {"uv": [4.83333, 8.66667, 5.83333, 9], "texture": "#0"},
				"east": {"uv": [4.66667, 8.66667, 4.83333, 9], "texture": "#0"},
				"south": {"uv": [6, 8.66667, 7, 9], "texture": "#0"},
				"west": {"uv": [5.83333, 8.66667, 6, 9], "texture": "#0"},
				"up": {"uv": [5.83333, 8.66667, 4.83333, 8.5], "texture": "#0"},
				"down": {"uv": [6.83333, 8.5, 5.83333, 8.66667], "texture": "#0"}
			}
		},
		{
			"from": [-59, 1, 76],
			"to": [-53, 3, 77],
			"rotation": {"angle": 70, "axis": "y", "origin": [-56, 0.5, 8]},
			"faces": {
				"north": {"uv": [7.16667, 8.66667, 8.16667, 9], "texture": "#0"},
				"east": {"uv": [7, 8.66667, 7.16667, 9], "texture": "#0"},
				"south": {"uv": [8.33333, 8.66667, 9.33333, 9], "texture": "#0"},
				"west": {"uv": [8.16667, 8.66667, 8.33333, 9], "texture": "#0"},
				"up": {"uv": [8.16667, 8.66667, 7.16667, 8.5], "texture": "#0"},
				"down": {"uv": [9.16667, 8.5, 8.16667, 8.66667], "texture": "#0"}
			}
		},
		{
			"from": [-59, 1, 76],
			"to": [-53, 3, 77],
			"rotation": {"angle": 60, "axis": "y", "origin": [-56, 0.5, 8]},
			"faces": {
				"north": {"uv": [9.5, 8.66667, 10.5, 9], "texture": "#0"},
				"east": {"uv": [9.33333, 8.66667, 9.5, 9], "texture": "#0"},
				"south": {"uv": [10.66667, 8.66667, 11.66667, 9], "texture": "#0"},
				"west": {"uv": [10.5, 8.66667, 10.66667, 9], "texture": "#0"},
				"up": {"uv": [10.5, 8.66667, 9.5, 8.5], "texture": "#0"},
				"down": {"uv": [11.5, 8.5, 10.5, 8.66667], "texture": "#0"}
			}
		},
		{
			"from": [-59, 1, 67],
			"to": [-53, 3, 68],
			"rotation": {"angle": 60, "axis": "y", "origin": [-56, 0.5, 8]},
			"faces": {
				"north": {"uv": [11.83333, 9.66667, 12.83333, 10], "texture": "#0"},
				"east": {"uv": [11.66667, 9.66667, 11.83333, 10], "texture": "#0"},
				"south": {"uv": [13, 9.66667, 14, 10], "texture": "#0"},
				"west": {"uv": [12.83333, 9.66667, 13, 10], "texture": "#0"},
				"up": {"uv": [12.83333, 9.66667, 11.83333, 9.5], "texture": "#0"},
				"down": {"uv": [13.83333, 9.5, 12.83333, 9.66667], "texture": "#0"}
			}
		},
		{
			"from": [-59, 1, 76],
			"to": [-53, 3, 77],
			"rotation": {"angle": 50, "axis": "y", "origin": [-56, 0.5, 8]},
			"faces": {
				"north": {"uv": [0.16667, 9.16667, 1.16667, 9.5], "texture": "#0"},
				"east": {"uv": [0, 9.16667, 0.16667, 9.5], "texture": "#0"},
				"south": {"uv": [1.33333, 9.16667, 2.33333, 9.5], "texture": "#0"},
				"west": {"uv": [1.16667, 9.16667, 1.33333, 9.5], "texture": "#0"},
				"up": {"uv": [1.16667, 9.16667, 0.16667, 9], "texture": "#0"},
				"down": {"uv": [2.16667, 9, 1.16667, 9.16667], "texture": "#0"}
			}
		},
		{
			"from": [-59, 1, 67],
			"to": [-53, 3, 68],
			"rotation": {"angle": 50, "axis": "y", "origin": [-56, 0.5, 8]},
			"faces": {
				"north": {"uv": [2.5, 9.16667, 3.5, 9.5], "texture": "#0"},
				"east": {"uv": [2.33333, 9.16667, 2.5, 9.5], "texture": "#0"},
				"south": {"uv": [3.66667, 9.16667, 4.66667, 9.5], "texture": "#0"},
				"west": {"uv": [3.5, 9.16667, 3.66667, 9.5], "texture": "#0"},
				"up": {"uv": [3.5, 9.16667, 2.5, 9], "texture": "#0"},
				"down": {"uv": [4.5, 9, 3.5, 9.16667], "texture": "#0"}
			}
		},
		{
			"from": [-59, 1, 76],
			"to": [-53, 3, 77],
			"rotation": {"angle": 45, "axis": "y", "origin": [-56, 0.5, 8]},
			"faces": {
				"north": {"uv": [4.83333, 9.16667, 5.83333, 9.5], "texture": "#0"},
				"east": {"uv": [4.66667, 9.16667, 4.83333, 9.5], "texture": "#0"},
				"south": {"uv": [6, 9.16667, 7, 9.5], "texture": "#0"},
				"west": {"uv": [5.83333, 9.16667, 6, 9.5], "texture": "#0"},
				"up": {"uv": [5.83333, 9.16667, 4.83333, 9], "texture": "#0"},
				"down": {"uv": [6.83333, 9, 5.83333, 9.16667], "texture": "#0"}
			}
		},
		{
			"from": [-59, 1, 67],
			"to": [-53, 3, 68],
			"rotation": {"angle": 45, "axis": "y", "origin": [-56, 0.5, 8]},
			"faces": {
				"north": {"uv": [7.16667, 9.16667, 8.16667, 9.5], "texture": "#0"},
				"east": {"uv": [7, 9.16667, 7.16667, 9.5], "texture": "#0"},
				"south": {"uv": [8.33333, 9.16667, 9.33333, 9.5], "texture": "#0"},
				"west": {"uv": [8.16667, 9.16667, 8.33333, 9.5], "texture": "#0"},
				"up": {"uv": [8.16667, 9.16667, 7.16667, 9], "texture": "#0"},
				"down": {"uv": [9.16667, 9, 8.16667, 9.16667], "texture": "#0"}
			}
		},
		{
			"from": [-59, 1, 76],
			"to": [-53, 3, 77],
			"rotation": {"angle": 55, "axis": "y", "origin": [-56, 0.5, 8]},
			"faces": {
				"north": {"uv": [9.5, 9.16667, 10.5, 9.5], "texture": "#0"},
				"east": {"uv": [9.33333, 9.16667, 9.5, 9.5], "texture": "#0"},
				"south": {"uv": [10.66667, 9.16667, 11.66667, 9.5], "texture": "#0"},
				"west": {"uv": [10.5, 9.16667, 10.66667, 9.5], "texture": "#0"},
				"up": {"uv": [10.5, 9.16667, 9.5, 9], "texture": "#0"},
				"down": {"uv": [11.5, 9, 10.5, 9.16667], "texture": "#0"}
			}
		},
		{
			"from": [-59, 1, 67],
			"to": [-53, 3, 68],
			"rotation": {"angle": 55, "axis": "y", "origin": [-56, 0.5, 8]},
			"faces": {
				"north": {"uv": [11.83333, 9.16667, 12.83333, 9.5], "texture": "#0"},
				"east": {"uv": [11.66667, 9.16667, 11.83333, 9.5], "texture": "#0"},
				"south": {"uv": [13, 9.16667, 14, 9.5], "texture": "#0"},
				"west": {"uv": [12.83333, 9.16667, 13, 9.5], "texture": "#0"},
				"up": {"uv": [12.83333, 9.16667, 11.83333, 9], "texture": "#0"},
				"down": {"uv": [13.83333, 9, 12.83333, 9.16667], "texture": "#0"}
			}
		},
		{
			"from": [-59, 1, 76],
			"to": [-53, 3, 77],
			"rotation": {"angle": 65, "axis": "y", "origin": [-56, 0.5, 8]},
			"faces": {
				"north": {"uv": [0.16667, 9.66667, 1.16667, 10], "texture": "#0"},
				"east": {"uv": [0, 9.66667, 0.16667, 10], "texture": "#0"},
				"south": {"uv": [1.33333, 9.66667, 2.33333, 10], "texture": "#0"},
				"west": {"uv": [1.16667, 9.66667, 1.33333, 10], "texture": "#0"},
				"up": {"uv": [1.16667, 9.66667, 0.16667, 9.5], "texture": "#0"},
				"down": {"uv": [2.16667, 9.5, 1.16667, 9.66667], "texture": "#0"}
			}
		},
		{
			"from": [-59, 1, 67],
			"to": [-53, 3, 68],
			"rotation": {"angle": 65, "axis": "y", "origin": [-56, 0.5, 8]},
			"faces": {
				"north": {"uv": [2.5, 9.66667, 3.5, 10], "texture": "#0"},
				"east": {"uv": [2.33333, 9.66667, 2.5, 10], "texture": "#0"},
				"south": {"uv": [3.66667, 9.66667, 4.66667, 10], "texture": "#0"},
				"west": {"uv": [3.5, 9.66667, 3.66667, 10], "texture": "#0"},
				"up": {"uv": [3.5, 9.66667, 2.5, 9.5], "texture": "#0"},
				"down": {"uv": [4.5, 9.5, 3.5, 9.66667], "texture": "#0"}
			}
		},
		{
			"from": [-59, 1, 76],
			"to": [-53, 3, 77],
			"rotation": {"angle": 75, "axis": "y", "origin": [-56, 0.5, 8]},
			"faces": {
				"north": {"uv": [4.83333, 9.66667, 5.83333, 10], "texture": "#0"},
				"east": {"uv": [4.66667, 9.66667, 4.83333, 10], "texture": "#0"},
				"south": {"uv": [6, 9.66667, 7, 10], "texture": "#0"},
				"west": {"uv": [5.83333, 9.66667, 6, 10], "texture": "#0"},
				"up": {"uv": [5.83333, 9.66667, 4.83333, 9.5], "texture": "#0"},
				"down": {"uv": [6.83333, 9.5, 5.83333, 9.66667], "texture": "#0"}
			}
		},
		{
			"from": [-59, 1, 67],
			"to": [-53, 3, 68],
			"rotation": {"angle": 75, "axis": "y", "origin": [-56, 0.5, 8]},
			"faces": {
				"north": {"uv": [7.16667, 9.66667, 8.16667, 10], "texture": "#0"},
				"east": {"uv": [7, 9.66667, 7.16667, 10], "texture": "#0"},
				"south": {"uv": [8.33333, 9.66667, 9.33333, 10], "texture": "#0"},
				"west": {"uv": [8.16667, 9.66667, 8.33333, 10], "texture": "#0"},
				"up": {"uv": [8.16667, 9.66667, 7.16667, 9.5], "texture": "#0"},
				"down": {"uv": [9.16667, 9.5, 8.16667, 9.66667], "texture": "#0"}
			}
		},
		{
			"from": [-59, 1, 76],
			"to": [-53, 3, 77],
			"rotation": {"angle": 85, "axis": "y", "origin": [-56, 0.5, 8]},
			"faces": {
				"north": {"uv": [9.5, 9.66667, 10.5, 10], "texture": "#0"},
				"east": {"uv": [9.33333, 9.66667, 9.5, 10], "texture": "#0"},
				"south": {"uv": [10.66667, 9.66667, 11.66667, 10], "texture": "#0"},
				"west": {"uv": [10.5, 9.66667, 10.66667, 10], "texture": "#0"},
				"up": {"uv": [10.5, 9.66667, 9.5, 9.5], "texture": "#0"},
				"down": {"uv": [11.5, 9.5, 10.5, 9.66667], "texture": "#0"}
			}
		},
		{
			"from": [-59, 1, 67],
			"to": [-53, 3, 68],
			"rotation": {"angle": 85, "axis": "y", "origin": [-56, 0.5, 8]},
			"faces": {
				"north": {"uv": [11.83333, 8.66667, 12.83333, 9], "texture": "#0"},
				"east": {"uv": [11.66667, 8.66667, 11.83333, 9], "texture": "#0"},
				"south": {"uv": [13, 8.66667, 14, 9], "texture": "#0"},
				"west": {"uv": [12.83333, 8.66667, 13, 9], "texture": "#0"},
				"up": {"uv": [12.83333, 8.66667, 11.83333, 8.5], "texture": "#0"},
				"down": {"uv": [13.83333, 8.5, 12.83333, 8.66667], "texture": "#0"}
			}
		}
	]
}