{
	"credit": "Made with Blockbench",
	"textures": {
		"0": "Kipplore Gebremst/Kipplore",
		"1": "Kipplore Gebremst/Kipploregebr",
		"particle": "Kipplore Gebremst/Kipploregebr"
	},
	"elements": [
		{
			"name": "Cube",
			"from": [1, 3.5, -4],
			"to": [2, 9.5, -3],
			"faces": {
				"north": {"uv": [2.5, 6, 2.6, 6.6], "texture": "#0"},
				"east": {"uv": [2.4, 6, 2.5, 6.6], "texture": "#0"},
				"south": {"uv": [2.7, 6, 2.8, 6.6], "texture": "#0"},
				"west": {"uv": [2.6, 6, 2.7, 6.6], "texture": "#0"},
				"up": {"uv": [2.6, 6, 2.5, 5.9], "texture": "#0"},
				"down": {"uv": [2.7, 5.9, 2.6, 6], "texture": "#0"}
			}
		},
		{
			"name": "Cube",
			"from": [14, 3.5, -4],
			"to": [15, 9.5, -3],
			"faces": {
				"north": {"uv": [2.1, 6, 2.2, 6.6], "texture": "#0"},
				"east": {"uv": [2, 6, 2.1, 6.6], "texture": "#0"},
				"south": {"uv": [2.3, 6, 2.4, 6.6], "texture": "#0"},
				"west": {"uv": [2.2, 6, 2.3, 6.6], "texture": "#0"},
				"up": {"uv": [2.2, 6, 2.1, 5.9], "texture": "#0"},
				"down": {"uv": [2.3, 5.9, 2.2, 6], "texture": "#0"}
			}
		},
		{
			"name": "Cube",
			"from": [14, 9.5, -4],
			"to": [15, 14.5, -3],
			"rotation": {"angle": 22.5, "axis": "z", "origin": [15, 9.5, -4]},
			"faces": {
				"north": {"uv": [2.1, 6.7, 2.2, 7.2], "texture": "#0"},
				"east": {"uv": [2, 6.7, 2.1, 7.2], "texture": "#0"},
				"south": {"uv": [2.3, 6.7, 2.4, 7.2], "texture": "#0"},
				"west": {"uv": [2.2, 6.7, 2.3, 7.2], "texture": "#0"},
				"up": {"uv": [2.2, 6.7, 2.1, 6.6], "texture": "#0"},
				"down": {"uv": [2.3, 6.6, 2.2, 6.7], "texture": "#0"}
			}
		},
		{
			"name": "Cube",
			"from": [1, 9.5, -4],
			"to": [2, 14.5, -3],
			"rotation": {"angle": -22.5, "axis": "z", "origin": [1, 9.5, -4]},
			"faces": {
				"north": {"uv": [1.7, 6.7, 1.8, 7.2], "texture": "#0"},
				"east": {"uv": [1.6, 6.7, 1.7, 7.2], "texture": "#0"},
				"south": {"uv": [1.9, 6.7, 2, 7.2], "texture": "#0"},
				"west": {"uv": [1.8, 6.7, 1.9, 7.2], "texture": "#0"},
				"up": {"uv": [1.8, 6.7, 1.7, 6.6], "texture": "#0"},
				"down": {"uv": [1.9, 6.6, 1.8, 6.7], "texture": "#0"}
			}
		},
		{
			"name": "Cube",
			"from": [14, 3.5, 19],
			"to": [15, 9.5, 20],
			"faces": {
				"north": {"uv": [1.3, 6, 1.4, 6.6], "texture": "#0"},
				"east": {"uv": [1.2, 6, 1.3, 6.6], "texture": "#0"},
				"south": {"uv": [1.5, 6, 1.6, 6.6], "texture": "#0"},
				"west": {"uv": [1.4, 6, 1.5, 6.6], "texture": "#0"},
				"up": {"uv": [1.4, 6, 1.3, 5.9], "texture": "#0"},
				"down": {"uv": [1.5, 5.9, 1.4, 6], "texture": "#0"}
			}
		},
		{
			"name": "Cube",
			"from": [1, 9.5, 19],
			"to": [2, 14.5, 20],
			"rotation": {"angle": -22.5, "axis": "z", "origin": [1, 9.5, -4]},
			"faces": {
				"north": {"uv": [0.5, 6.7, 0.6, 7.2], "texture": "#0"},
				"east": {"uv": [0.4, 6.7, 0.5, 7.2], "texture": "#0"},
				"south": {"uv": [0.7, 6.7, 0.8, 7.2], "texture": "#0"},
				"west": {"uv": [0.6, 6.7, 0.7, 7.2], "texture": "#0"},
				"up": {"uv": [0.6, 6.7, 0.5, 6.6], "texture": "#0"},
				"down": {"uv": [0.7, 6.6, 0.6, 6.7], "texture": "#0"}
			}
		},
		{
			"name": "Cube",
			"from": [14, 9.5, 19],
			"to": [15, 14.5, 20],
			"rotation": {"angle": 22.5, "axis": "z", "origin": [15, 9.5, -4]},
			"faces": {
				"north": {"uv": [0.1, 6.7, 0.2, 7.2], "texture": "#0"},
				"east": {"uv": [0, 6.7, 0.1, 7.2], "texture": "#0"},
				"south": {"uv": [0.3, 6.7, 0.4, 7.2], "texture": "#0"},
				"west": {"uv": [0.2, 6.7, 0.3, 7.2], "texture": "#0"},
				"up": {"uv": [0.2, 6.7, 0.1, 6.6], "texture": "#0"},
				"down": {"uv": [0.3, 6.6, 0.2, 6.7], "texture": "#0"}
			}
		},
		{
			"name": "Cube",
			"from": [1, 3.5, 19],
			"to": [2, 9.5, 20],
			"faces": {
				"north": {"uv": [1.7, 6, 1.8, 6.6], "texture": "#0"},
				"east": {"uv": [1.6, 6, 1.7, 6.6], "texture": "#0"},
				"south": {"uv": [1.9, 6, 2, 6.6], "texture": "#0"},
				"west": {"uv": [1.8, 6, 1.9, 6.6], "texture": "#0"},
				"up": {"uv": [1.8, 6, 1.7, 5.9], "texture": "#0"},
				"down": {"uv": [1.9, 5.9, 1.8, 6], "texture": "#0"}
			}
		},
		{
			"name": "Cube",
			"from": [6, 14.5, 19],
			"to": [10, 15.5, 20],
			"faces": {
				"north": {"uv": [0.1, 6.2, 0.5, 6.3], "texture": "#0"},
				"east": {"uv": [0, 6.2, 0.1, 6.3], "texture": "#0"},
				"south": {"uv": [0.6, 6.2, 1, 6.3], "texture": "#0"},
				"west": {"uv": [0.5, 6.2, 0.6, 6.3], "texture": "#0"},
				"up": {"uv": [0.5, 6.2, 0.1, 6.1], "texture": "#0"},
				"down": {"uv": [0.9, 6.1, 0.5, 6.2], "texture": "#0"}
			}
		},
		{
			"name": "Cube",
			"from": [6, 14.5, -4],
			"to": [10, 15.5, -3],
			"faces": {
				"north": {"uv": [0.1, 6.4, 0.5, 6.5], "texture": "#0"},
				"east": {"uv": [0, 6.4, 0.1, 6.5], "texture": "#0"},
				"south": {"uv": [0.6, 6.4, 1, 6.5], "texture": "#0"},
				"west": {"uv": [0.5, 6.4, 0.6, 6.5], "texture": "#0"},
				"up": {"uv": [0.5, 6.4, 0.1, 6.3], "texture": "#0"},
				"down": {"uv": [0.9, 6.3, 0.5, 6.4], "texture": "#0"}
			}
		},
		{
			"name": "Cube",
			"from": [10, 14.5, -4],
			"to": [13, 15.5, -3],
			"rotation": {"angle": -22.5, "axis": "z", "origin": [10, 15.5, -3.5]},
			"faces": {
				"north": {"uv": [2.9, 6, 3.2, 6.1], "texture": "#0"},
				"east": {"uv": [2.8, 6, 2.9, 6.1], "texture": "#0"},
				"south": {"uv": [3.3, 6, 3.6, 6.1], "texture": "#0"},
				"west": {"uv": [3.2, 6, 3.3, 6.1], "texture": "#0"},
				"up": {"uv": [3.2, 6, 2.9, 5.9], "texture": "#0"},
				"down": {"uv": [3.5, 5.9, 3.2, 6], "texture": "#0"}
			}
		},
		{
			"name": "Cube",
			"from": [3, 14.5, -4],
			"to": [6, 15.5, -3],
			"rotation": {"angle": 22.5, "axis": "z", "origin": [6, 15.5, -3]},
			"faces": {
				"north": {"uv": [2.9, 6.2, 3.2, 6.3], "texture": "#0"},
				"east": {"uv": [2.8, 6.2, 2.9, 6.3], "texture": "#0"},
				"south": {"uv": [3.3, 6.2, 3.6, 6.3], "texture": "#0"},
				"west": {"uv": [3.2, 6.2, 3.3, 6.3], "texture": "#0"},
				"up": {"uv": [3.2, 6.2, 2.9, 6.1], "texture": "#0"},
				"down": {"uv": [3.5, 6.1, 3.2, 6.2], "texture": "#0"}
			}
		},
		{
			"name": "Cube",
			"from": [10, 14.5, 19],
			"to": [13, 15.5, 20],
			"rotation": {"angle": -22.5, "axis": "z", "origin": [10, 15.5, -3.5]},
			"faces": {
				"north": {"uv": [2.9, 6.4, 3.2, 6.5], "texture": "#0"},
				"east": {"uv": [2.8, 6.4, 2.9, 6.5], "texture": "#0"},
				"south": {"uv": [3.3, 6.4, 3.6, 6.5], "texture": "#0"},
				"west": {"uv": [3.2, 6.4, 3.3, 6.5], "texture": "#0"},
				"up": {"uv": [3.2, 6.4, 2.9, 6.3], "texture": "#0"},
				"down": {"uv": [3.5, 6.3, 3.2, 6.4], "texture": "#0"}
			}
		},
		{
			"name": "Cube",
			"from": [3, 14.5, 19],
			"to": [6, 15.5, 20],
			"rotation": {"angle": 22.5, "axis": "z", "origin": [6, 15.5, -3]},
			"faces": {
				"north": {"uv": [0.9, 6.7, 1.2, 6.8], "texture": "#0"},
				"east": {"uv": [0.8, 6.7, 0.9, 6.8], "texture": "#0"},
				"south": {"uv": [1.3, 6.7, 1.6, 6.8], "texture": "#0"},
				"west": {"uv": [1.2, 6.7, 1.3, 6.8], "texture": "#0"},
				"up": {"uv": [1.2, 6.7, 0.9, 6.6], "texture": "#0"},
				"down": {"uv": [1.5, 6.6, 1.2, 6.7], "texture": "#0"}
			}
		},
		{
			"name": "Cube",
			"from": [7.5, 6.5, 22],
			"to": [8.5, 8.5, 23],
			"faces": {
				"north": {"uv": [4.1, 6.7, 4.2, 6.9], "texture": "#0"},
				"east": {"uv": [4, 6.7, 4.1, 6.9], "texture": "#0"},
				"south": {"uv": [4.3, 6.7, 4.4, 6.9], "texture": "#0"},
				"west": {"uv": [4.2, 6.7, 4.3, 6.9], "texture": "#0"},
				"up": {"uv": [4.2, 6.7, 4.1, 6.6], "texture": "#0"},
				"down": {"uv": [4.3, 6.6, 4.2, 6.7], "texture": "#0"}
			}
		},
		{
			"name": "Cube",
			"from": [12.2, 13.5, 19],
			"to": [13.2, 16.5, 20],
			"faces": {
				"north": {"uv": [2.5, 6.7, 2.6, 7], "texture": "#0"},
				"east": {"uv": [2.4, 6.7, 2.5, 7], "texture": "#0"},
				"south": {"uv": [2.7, 6.7, 2.8, 7], "texture": "#0"},
				"west": {"uv": [2.6, 6.7, 2.7, 7], "texture": "#0"},
				"up": {"uv": [2.6, 6.7, 2.5, 6.6], "texture": "#0"},
				"down": {"uv": [2.7, 6.6, 2.6, 6.7], "texture": "#0"}
			}
		},
		{
			"name": "Cube",
			"from": [2.8, 13.5, 19],
			"to": [3.8, 16.5, 20],
			"faces": {
				"north": {"uv": [2.9, 6.7, 3, 7], "texture": "#0"},
				"east": {"uv": [2.8, 6.7, 2.9, 7], "texture": "#0"},
				"south": {"uv": [3.1, 6.7, 3.2, 7], "texture": "#0"},
				"west": {"uv": [3, 6.7, 3.1, 7], "texture": "#0"},
				"up": {"uv": [3, 6.7, 2.9, 6.6], "texture": "#0"},
				"down": {"uv": [3.1, 6.6, 3, 6.7], "texture": "#0"}
			}
		},
		{
			"name": "Cube",
			"from": [2.8, 13.5, -4],
			"to": [3.8, 16.5, -3],
			"faces": {
				"north": {"uv": [3.3, 6.7, 3.4, 7], "texture": "#0"},
				"east": {"uv": [3.2, 6.7, 3.3, 7], "texture": "#0"},
				"south": {"uv": [3.5, 6.7, 3.6, 7], "texture": "#0"},
				"west": {"uv": [3.4, 6.7, 3.5, 7], "texture": "#0"},
				"up": {"uv": [3.4, 6.7, 3.3, 6.6], "texture": "#0"},
				"down": {"uv": [3.5, 6.6, 3.4, 6.7], "texture": "#0"}
			}
		},
		{
			"name": "Cube",
			"from": [12.2, 13.5, -4],
			"to": [13.2, 16.5, -3],
			"faces": {
				"north": {"uv": [3.7, 6.7, 3.8, 7], "texture": "#0"},
				"east": {"uv": [3.6, 6.7, 3.7, 7], "texture": "#0"},
				"south": {"uv": [3.9, 6.7, 4, 7], "texture": "#0"},
				"west": {"uv": [3.8, 6.7, 3.9, 7], "texture": "#0"},
				"up": {"uv": [3.8, 6.7, 3.7, 6.6], "texture": "#0"},
				"down": {"uv": [3.9, 6.6, 3.8, 6.7], "texture": "#0"}
			}
		},
		{
			"name": "Cube",
			"from": [5.5, 15.5, -4],
			"to": [10.5, 16.5, -3],
			"faces": {
				"north": {"uv": [6.9, 5.4, 7.4, 5.5], "texture": "#0"},
				"east": {"uv": [6.8, 5.4, 6.9, 5.5], "texture": "#0"},
				"south": {"uv": [7.5, 5.4, 8, 5.5], "texture": "#0"},
				"west": {"uv": [7.4, 5.4, 7.5, 5.5], "texture": "#0"},
				"up": {"uv": [7.4, 5.4, 6.9, 5.3], "texture": "#0"},
				"down": {"uv": [7.9, 5.3, 7.4, 5.4], "texture": "#0"}
			}
		},
		{
			"name": "Cube",
			"from": [5.5, 15.5, 19],
			"to": [10.5, 16.5, 20],
			"faces": {
				"north": {"uv": [0.1, 6, 0.6, 6.1], "texture": "#0"},
				"east": {"uv": [0, 6, 0.1, 6.1], "texture": "#0"},
				"south": {"uv": [0.7, 6, 1.2, 6.1], "texture": "#0"},
				"west": {"uv": [0.6, 6, 0.7, 6.1], "texture": "#0"},
				"up": {"uv": [0.6, 6, 0.1, 5.9], "texture": "#0"},
				"down": {"uv": [1.1, 5.9, 0.6, 6], "texture": "#0"}
			}
		},
		{
			"name": "Cube",
			"from": [6, 9.5, -3],
			"to": [10, 14.5, -2],
			"faces": {
				"north": {"uv": [5.9, 5.4, 6.3, 5.9], "texture": "#0"},
				"east": {"uv": [5.8, 5.4, 5.9, 5.9], "texture": "#0"},
				"south": {"uv": [6.4, 5.4, 6.8, 5.9], "texture": "#0"},
				"west": {"uv": [6.3, 5.4, 6.4, 5.9], "texture": "#0"},
				"up": {"uv": [6.3, 5.4, 5.9, 5.3], "texture": "#0"},
				"down": {"uv": [6.7, 5.3, 6.3, 5.4], "texture": "#0"}
			}
		},
		{
			"name": "Cube",
			"from": [6, 9.5, -2],
			"to": [10, 10.5, 18],
			"faces": {
				"north": {"uv": [2, 4.3, 2.4, 4.4], "texture": "#0"},
				"east": {"uv": [0, 4.3, 2, 4.4], "texture": "#0"},
				"south": {"uv": [4.4, 4.3, 4.8, 4.4], "texture": "#0"},
				"west": {"uv": [2.4, 4.3, 4.4, 4.4], "texture": "#0"},
				"up": {"uv": [2.4, 4.3, 2, 2.3], "texture": "#0"},
				"down": {"uv": [2.8, 2.3, 2.4, 4.3], "texture": "#0"}
			}
		},
		{
			"name": "Cube",
			"from": [10, 9.5, -3],
			"to": [26, 10.5, 19],
			"rotation": {"angle": 45, "axis": "z", "origin": [10, 9.5, 8]},
			"faces": {
				"north": {"uv": [9.8, 2.2, 11.4, 2.3], "texture": "#0"},
				"east": {"uv": [7.6, 2.2, 9.8, 2.3], "texture": "#0"},
				"south": {"uv": [13.6, 2.2, 15.2, 2.3], "texture": "#0"},
				"west": {"uv": [11.4, 2.2, 13.6, 2.3], "texture": "#0"},
				"up": {"uv": [11.4, 2.2, 9.8, 0], "texture": "#0"},
				"down": {"uv": [13, 0, 11.4, 2.2], "texture": "#0"}
			}
		},
		{
			"name": "Cube",
			"from": [-10, 9.5, -3],
			"to": [6, 10.5, 19],
			"rotation": {"angle": -45, "axis": "z", "origin": [6, 9.5, 8]},
			"faces": {
				"north": {"uv": [2.2, 2.2, 3.8, 2.3], "texture": "#0"},
				"east": {"uv": [0, 2.2, 2.2, 2.3], "texture": "#0"},
				"south": {"uv": [6, 2.2, 7.6, 2.3], "texture": "#0"},
				"west": {"uv": [3.8, 2.2, 6, 2.3], "texture": "#0"},
				"up": {"uv": [3.8, 2.2, 2.2, 0], "texture": "#0"},
				"down": {"uv": [5.4, 0, 3.8, 2.2], "texture": "#0"}
			}
		},
		{
			"name": "Cube",
			"from": [-10, 10.5, -3],
			"to": [6, 13.5, -2],
			"rotation": {"angle": -45, "axis": "z", "origin": [6, 9.5, 8]},
			"faces": {
				"north": {"uv": [6.9, 5, 8.5, 5.3], "texture": "#0"},
				"east": {"uv": [6.8, 5, 6.9, 5.3], "texture": "#0"},
				"south": {"uv": [8.6, 5, 10.2, 5.3], "texture": "#0"},
				"west": {"uv": [8.5, 5, 8.6, 5.3], "texture": "#0"},
				"up": {"uv": [8.5, 5, 6.9, 4.9], "texture": "#0"},
				"down": {"uv": [10.1, 4.9, 8.5, 5], "texture": "#0"}
			}
		},
		{
			"name": "Cube",
			"from": [-10, 10.5, 18],
			"to": [6, 13.5, 19],
			"rotation": {"angle": -45, "axis": "z", "origin": [6, 9.5, 8]},
			"faces": {
				"north": {"uv": [0.1, 5.4, 1.7, 5.7], "texture": "#0"},
				"east": {"uv": [0, 5.4, 0.1, 5.7], "texture": "#0"},
				"south": {"uv": [1.8, 5.4, 3.4, 5.7], "texture": "#0"},
				"west": {"uv": [1.7, 5.4, 1.8, 5.7], "texture": "#0"},
				"up": {"uv": [1.7, 5.4, 0.1, 5.3], "texture": "#0"},
				"down": {"uv": [3.3, 5.3, 1.7, 5.4], "texture": "#0"}
			}
		},
		{
			"name": "Cube",
			"from": [10, 10.5, -3],
			"to": [26, 13.5, -2],
			"rotation": {"angle": 45, "axis": "z", "origin": [10, 9.5, 8]},
			"faces": {
				"north": {"uv": [3.5, 5, 5.1, 5.3], "texture": "#0"},
				"east": {"uv": [3.4, 5, 3.5, 5.3], "texture": "#0"},
				"south": {"uv": [5.2, 5, 6.8, 5.3], "texture": "#0"},
				"west": {"uv": [5.1, 5, 5.2, 5.3], "texture": "#0"},
				"up": {"uv": [5.1, 5, 3.5, 4.9], "texture": "#0"},
				"down": {"uv": [6.7, 4.9, 5.1, 5], "texture": "#0"}
			}
		},
		{
			"name": "Cube",
			"from": [10, 10.5, 18],
			"to": [26, 13.5, 19],
			"rotation": {"angle": 45, "axis": "z", "origin": [10, 9.5, 8]},
			"faces": {
				"north": {"uv": [0.1, 5, 1.7, 5.3], "texture": "#0"},
				"east": {"uv": [0, 5, 0.1, 5.3], "texture": "#0"},
				"south": {"uv": [1.8, 5, 3.4, 5.3], "texture": "#0"},
				"west": {"uv": [1.7, 5, 1.8, 5.3], "texture": "#0"},
				"up": {"uv": [1.7, 5, 0.1, 4.9], "texture": "#0"},
				"down": {"uv": [3.3, 4.9, 1.7, 5], "texture": "#0"}
			}
		},
		{
			"name": "Cube",
			"from": [-2.5, 19.5, -3],
			"to": [18.5, 23.5, -2],
			"faces": {
				"north": {"uv": [0.1, 4.5, 2.2, 4.9], "texture": "#0"},
				"east": {"uv": [0, 4.5, 0.1, 4.9], "texture": "#0"},
				"south": {"uv": [2.3, 4.5, 4.4, 4.9], "texture": "#0"},
				"west": {"uv": [2.2, 4.5, 2.3, 4.9], "texture": "#0"},
				"up": {"uv": [2.2, 4.5, 0.1, 4.4], "texture": "#0"},
				"down": {"uv": [4.3, 4.4, 2.2, 4.5], "texture": "#0"}
			}
		},
		{
			"name": "Cube",
			"from": [-2.5, 19.5, 18],
			"to": [18.5, 23.5, 19],
			"faces": {
				"north": {"uv": [4.9, 2.4, 7, 2.8], "texture": "#0"},
				"east": {"uv": [4.8, 2.4, 4.9, 2.8], "texture": "#0"},
				"south": {"uv": [7.1, 2.4, 9.2, 2.8], "texture": "#0"},
				"west": {"uv": [7, 2.4, 7.1, 2.8], "texture": "#0"},
				"up": {"uv": [7, 2.4, 4.9, 2.3], "texture": "#0"},
				"down": {"uv": [9.1, 2.3, 7, 2.4], "texture": "#0"}
			}
		},
		{
			"name": "Cube",
			"from": [0, 15.5, -3],
			"to": [16, 19.5, -2],
			"faces": {
				"north": {"uv": [4.5, 4.5, 6.1, 4.9], "texture": "#0"},
				"east": {"uv": [4.4, 4.5, 4.5, 4.9], "texture": "#0"},
				"south": {"uv": [6.2, 4.5, 7.8, 4.9], "texture": "#0"},
				"west": {"uv": [6.1, 4.5, 6.2, 4.9], "texture": "#0"},
				"up": {"uv": [6.1, 4.5, 4.5, 4.4], "texture": "#0"},
				"down": {"uv": [7.7, 4.4, 6.1, 4.5], "texture": "#0"}
			}
		},
		{
			"name": "Cube",
			"from": [5, 14.5, -3],
			"to": [11, 15.5, -2],
			"faces": {
				"north": {"uv": [3.5, 5.4, 4.1, 5.5], "texture": "#0"},
				"east": {"uv": [3.4, 5.4, 3.5, 5.5], "texture": "#0"},
				"south": {"uv": [4.2, 5.4, 4.8, 5.5], "texture": "#0"},
				"west": {"uv": [4.1, 5.4, 4.2, 5.5], "texture": "#0"},
				"up": {"uv": [4.1, 5.4, 3.5, 5.3], "texture": "#0"},
				"down": {"uv": [4.7, 5.3, 4.1, 5.4], "texture": "#0"}
			}
		},
		{
			"name": "Cube",
			"from": [6, 9.5, 18],
			"to": [10, 14.5, 19],
			"faces": {
				"north": {"uv": [4.9, 5.4, 5.3, 5.9], "texture": "#0"},
				"east": {"uv": [4.8, 5.4, 4.9, 5.9], "texture": "#0"},
				"south": {"uv": [5.4, 5.4, 5.8, 5.9], "texture": "#0"},
				"west": {"uv": [5.3, 5.4, 5.4, 5.9], "texture": "#0"},
				"up": {"uv": [5.3, 5.4, 4.9, 5.3], "texture": "#0"},
				"down": {"uv": [5.7, 5.3, 5.3, 5.4], "texture": "#0"}
			}
		},
		{
			"name": "Cube",
			"from": [5, 14.5, 18],
			"to": [11, 15.5, 19],
			"faces": {
				"north": {"uv": [0.1, 5.8, 0.7, 5.9], "texture": "#0"},
				"east": {"uv": [0, 5.8, 0.1, 5.9], "texture": "#0"},
				"south": {"uv": [0.8, 5.8, 1.4, 5.9], "texture": "#0"},
				"west": {"uv": [0.7, 5.8, 0.8, 5.9], "texture": "#0"},
				"up": {"uv": [0.7, 5.8, 0.1, 5.7], "texture": "#0"},
				"down": {"uv": [1.3, 5.7, 0.7, 5.8], "texture": "#0"}
			}
		},
		{
			"name": "Cube",
			"from": [0, 15.5, 18],
			"to": [16, 19.5, 19],
			"faces": {
				"north": {"uv": [7.9, 4.5, 9.5, 4.9], "texture": "#0"},
				"east": {"uv": [7.8, 4.5, 7.9, 4.9], "texture": "#0"},
				"south": {"uv": [9.6, 4.5, 11.2, 4.9], "texture": "#0"},
				"west": {"uv": [9.5, 4.5, 9.6, 4.9], "texture": "#0"},
				"up": {"uv": [9.5, 4.5, 7.9, 4.4], "texture": "#0"},
				"down": {"uv": [11.1, 4.4, 9.5, 4.5], "texture": "#0"}
			}
		},
		{
			"name": "Cube",
			"from": [7.5, 6.5, -13],
			"to": [8.5, 8.5, -12],
			"faces": {
				"north": {"uv": [4.1, 7, 4.2, 7.2], "texture": "#0"},
				"east": {"uv": [4, 7, 4.1, 7.2], "texture": "#0"},
				"south": {"uv": [4.3, 7, 4.4, 7.2], "texture": "#0"},
				"west": {"uv": [4.2, 7, 4.3, 7.2], "texture": "#0"},
				"up": {"uv": [4.2, 7, 4.1, 6.9], "texture": "#0"},
				"down": {"uv": [4.3, 6.9, 4.2, 7], "texture": "#0"}
			}
		},
		{
			"name": "Cube",
			"from": [14.5, 3.5, -10],
			"to": [16.5, 6.5, 20],
			"faces": {
				"north": {"uv": [3.75, 3.75, 4, 4.125], "texture": "#1"},
				"east": {"uv": [0, 3.75, 3.75, 4.125], "texture": "#1"},
				"south": {"uv": [7.75, 3.75, 8, 4.125], "texture": "#1"},
				"west": {"uv": [4, 3.75, 7.75, 4.125], "texture": "#1"},
				"up": {"uv": [4, 3.75, 3.75, 0], "texture": "#1"},
				"down": {"uv": [4.25, 0, 4, 3.75], "texture": "#1"}
			}
		},
		{
			"name": "Cube",
			"from": [14.5, 3.5, -12],
			"to": [16.5, 6.5, -10],
			"rotation": {"angle": 45, "axis": "y", "origin": [16.5, 6, -10]},
			"faces": {
				"north": {"uv": [10, 12, 10.25, 12.375], "texture": "#1"},
				"east": {"uv": [9.75, 12, 10, 12.375], "texture": "#1"},
				"south": {"uv": [10.5, 12, 10.75, 12.375], "texture": "#1"},
				"west": {"uv": [10.25, 12, 10.5, 12.375], "texture": "#1"},
				"up": {"uv": [10.25, 12, 10, 11.75], "texture": "#1"},
				"down": {"uv": [10.5, 11.75, 10.25, 12], "texture": "#1"}
			}
		},
		{
			"name": "Cube",
			"from": [10.2, 3.5, -11.3],
			"to": [15.2, 6.5, -9.3],
			"rotation": {"angle": -22.5, "axis": "y", "origin": [15.5, 6, -11.5]},
			"faces": {
				"north": {"uv": [0.25, 10.75, 0.875, 11.125], "texture": "#1"},
				"east": {"uv": [0, 10.75, 0.25, 11.125], "texture": "#1"},
				"south": {"uv": [1.125, 10.75, 1.75, 11.125], "texture": "#1"},
				"west": {"uv": [0.875, 10.75, 1.125, 11.125], "texture": "#1"},
				"up": {"uv": [0.875, 10.75, 0.25, 10.5], "texture": "#1"},
				"down": {"uv": [1.5, 10.5, 0.875, 10.75], "texture": "#1"}
			}
		},
		{
			"name": "Cube",
			"from": [5.5, 3.5, -13.3],
			"to": [10.5, 6.5, -11.3],
			"faces": {
				"north": {"uv": [0.25, 11.375, 0.875, 11.75], "texture": "#1"},
				"east": {"uv": [0, 11.375, 0.25, 11.75], "texture": "#1"},
				"south": {"uv": [1.125, 11.375, 1.75, 11.75], "texture": "#1"},
				"west": {"uv": [0.875, 11.375, 1.125, 11.75], "texture": "#1"},
				"up": {"uv": [0.875, 11.375, 0.25, 11.125], "texture": "#1"},
				"down": {"uv": [1.5, 11.125, 0.875, 11.375], "texture": "#1"}
			}
		},
		{
			"name": "Cube",
			"from": [0.8, 3.5, -11.3],
			"to": [5.8, 6.5, -9.3],
			"rotation": {"angle": 22.5, "axis": "y", "origin": [0.5, 6, -11.5]},
			"faces": {
				"north": {"uv": [4.5, 8.875, 5.125, 9.25], "texture": "#1"},
				"east": {"uv": [4.25, 8.875, 4.5, 9.25], "texture": "#1"},
				"south": {"uv": [5.375, 8.875, 6, 9.25], "texture": "#1"},
				"west": {"uv": [5.125, 8.875, 5.375, 9.25], "texture": "#1"},
				"up": {"uv": [5.125, 8.875, 4.5, 8.625], "texture": "#1"},
				"down": {"uv": [5.75, 8.625, 5.125, 8.875], "texture": "#1"}
			}
		},
		{
			"name": "Cube",
			"from": [-0.5, 3.5, -12],
			"to": [1.5, 6.5, -10],
			"rotation": {"angle": -45, "axis": "y", "origin": [-0.5, 6, -10]},
			"faces": {
				"north": {"uv": [11, 12, 11.25, 12.375], "texture": "#1"},
				"east": {"uv": [10.75, 12, 11, 12.375], "texture": "#1"},
				"south": {"uv": [11.5, 12, 11.75, 12.375], "texture": "#1"},
				"west": {"uv": [11.25, 12, 11.5, 12.375], "texture": "#1"},
				"up": {"uv": [11.25, 12, 11, 11.75], "texture": "#1"},
				"down": {"uv": [11.5, 11.75, 11.25, 12], "texture": "#1"}
			}
		},
		{
			"name": "Cube",
			"from": [-0.5, 3.5, -10],
			"to": [1.5, 6.5, 20],
			"faces": {
				"north": {"uv": [11.75, 3.75, 12, 4.125], "texture": "#1"},
				"east": {"uv": [8, 3.75, 11.75, 4.125], "texture": "#1"},
				"south": {"uv": [15.75, 3.75, 16, 4.125], "texture": "#1"},
				"west": {"uv": [12, 3.75, 15.75, 4.125], "texture": "#1"},
				"up": {"uv": [12, 3.75, 11.75, 0], "texture": "#1"},
				"down": {"uv": [12.25, 0, 12, 3.75], "texture": "#1"}
			}
		},
		{
			"name": "Cube",
			"from": [16.5, 3.5, 11],
			"to": [18.5, 6.5, 13],
			"rotation": {"angle": -45, "axis": "y", "origin": [-0.5, 6, -4]},
			"faces": {
				"north": {"uv": [0.25, 12.625, 0.5, 13], "texture": "#1"},
				"east": {"uv": [0, 12.625, 0.25, 13], "texture": "#1"},
				"south": {"uv": [0.75, 12.625, 1, 13], "texture": "#1"},
				"west": {"uv": [0.5, 12.625, 0.75, 13], "texture": "#1"},
				"up": {"uv": [0.5, 12.625, 0.25, 12.375], "texture": "#1"},
				"down": {"uv": [0.75, 12.375, 0.5, 12.625], "texture": "#1"}
			}
		},
		{
			"name": "Cube",
			"from": [11.2, 3.5, 17.3],
			"to": [16.2, 6.5, 19.3],
			"rotation": {"angle": -22.5, "axis": "y", "origin": [0.5, 6, -5.5]},
			"faces": {
				"north": {"uv": [0.25, 10.125, 0.875, 10.5], "texture": "#1"},
				"east": {"uv": [0, 10.125, 0.25, 10.5], "texture": "#1"},
				"south": {"uv": [1.125, 10.125, 1.75, 10.5], "texture": "#1"},
				"west": {"uv": [0.875, 10.125, 1.125, 10.5], "texture": "#1"},
				"up": {"uv": [0.875, 10.125, 0.25, 9.875], "texture": "#1"},
				"down": {"uv": [1.5, 9.875, 0.875, 10.125], "texture": "#1"}
			}
		},
		{
			"name": "Cube",
			"from": [5.5, 3.5, 21.4],
			"to": [10.5, 6.5, 23.4],
			"faces": {
				"north": {"uv": [1.75, 9.5, 2.375, 9.875], "texture": "#1"},
				"east": {"uv": [1.5, 9.5, 1.75, 9.875], "texture": "#1"},
				"south": {"uv": [2.625, 9.5, 3.25, 9.875], "texture": "#1"},
				"west": {"uv": [2.375, 9.5, 2.625, 9.875], "texture": "#1"},
				"up": {"uv": [2.375, 9.5, 1.75, 9.25], "texture": "#1"},
				"down": {"uv": [3, 9.25, 2.375, 9.5], "texture": "#1"}
			}
		},
		{
			"name": "Cube",
			"from": [-1.2, 3.5, 23],
			"to": [3.8, 6.5, 25],
			"rotation": {"angle": 22.5, "axis": "y", "origin": [0.5, 6, -5.5]},
			"faces": {
				"north": {"uv": [4.5, 8.25, 5.125, 8.625], "texture": "#1"},
				"east": {"uv": [4.25, 8.25, 4.5, 8.625], "texture": "#1"},
				"south": {"uv": [5.375, 8.25, 6, 8.625], "texture": "#1"},
				"west": {"uv": [5.125, 8.25, 5.375, 8.625], "texture": "#1"},
				"up": {"uv": [5.125, 8.25, 4.5, 8], "texture": "#1"},
				"down": {"uv": [5.75, 8, 5.125, 8.25], "texture": "#1"}
			}
		},
		{
			"name": "Cube",
			"from": [-2.5, 3.5, 11],
			"to": [-0.5, 6.5, 13],
			"rotation": {"angle": 45, "axis": "y", "origin": [16.5, 6, -4]},
			"faces": {
				"north": {"uv": [9, 12, 9.25, 12.375], "texture": "#1"},
				"east": {"uv": [8.75, 12, 9, 12.375], "texture": "#1"},
				"south": {"uv": [9.5, 12, 9.75, 12.375], "texture": "#1"},
				"west": {"uv": [9.25, 12, 9.5, 12.375], "texture": "#1"},
				"up": {"uv": [9.25, 12, 9, 11.75], "texture": "#1"},
				"down": {"uv": [9.5, 11.75, 9.25, 12], "texture": "#1"}
			}
		},
		{
			"name": "Cube",
			"from": [14.5, 1.5, -0.5],
			"to": [16.5, 3.5, 1.5],
			"faces": {
				"north": {"uv": [1.25, 12.625, 1.5, 12.875], "texture": "#1"},
				"east": {"uv": [1, 12.625, 1.25, 12.875], "texture": "#1"},
				"south": {"uv": [1.75, 12.625, 2, 12.875], "texture": "#1"},
				"west": {"uv": [1.5, 12.625, 1.75, 12.875], "texture": "#1"},
				"up": {"uv": [1.5, 12.625, 1.25, 12.375], "texture": "#1"},
				"down": {"uv": [1.75, 12.375, 1.5, 12.625], "texture": "#1"}
			}
		},
		{
			"name": "Cube",
			"from": [14.5, 1.5, 12.5],
			"to": [16.5, 3.5, 14.5],
			"faces": {
				"north": {"uv": [2.25, 12.625, 2.5, 12.875], "texture": "#1"},
				"east": {"uv": [2, 12.625, 2.25, 12.875], "texture": "#1"},
				"south": {"uv": [2.75, 12.625, 3, 12.875], "texture": "#1"},
				"west": {"uv": [2.5, 12.625, 2.75, 12.875], "texture": "#1"},
				"up": {"uv": [2.5, 12.625, 2.25, 12.375], "texture": "#1"},
				"down": {"uv": [2.75, 12.375, 2.5, 12.625], "texture": "#1"}
			}
		},
		{
			"name": "Cube",
			"from": [-0.5, 1.5, 12.5],
			"to": [1.5, 3.5, 14.5],
			"faces": {
				"north": {"uv": [3.25, 12.625, 3.5, 12.875], "texture": "#1"},
				"east": {"uv": [3, 12.625, 3.25, 12.875], "texture": "#1"},
				"south": {"uv": [3.75, 12.625, 4, 12.875], "texture": "#1"},
				"west": {"uv": [3.5, 12.625, 3.75, 12.875], "texture": "#1"},
				"up": {"uv": [3.5, 12.625, 3.25, 12.375], "texture": "#1"},
				"down": {"uv": [3.75, 12.375, 3.5, 12.625], "texture": "#1"}
			}
		},
		{
			"name": "Cube",
			"from": [-0.5, 1.5, -0.5],
			"to": [1.5, 3.5, 1.5],
			"faces": {
				"north": {"uv": [4.25, 12.625, 4.5, 12.875], "texture": "#1"},
				"east": {"uv": [4, 12.625, 4.25, 12.875], "texture": "#1"},
				"south": {"uv": [4.75, 12.625, 5, 12.875], "texture": "#1"},
				"west": {"uv": [4.5, 12.625, 4.75, 12.875], "texture": "#1"},
				"up": {"uv": [4.5, 12.625, 4.25, 12.375], "texture": "#1"},
				"down": {"uv": [4.75, 12.375, 4.5, 12.625], "texture": "#1"}
			}
		},
		{
			"name": "Cube",
			"from": [2, 0, 12],
			"to": [4, 1, 15],
			"faces": {
				"north": {"uv": [0.375, 12.125, 0.625, 12.25], "texture": "#1"},
				"east": {"uv": [0, 12.125, 0.375, 12.25], "texture": "#1"},
				"south": {"uv": [1, 12.125, 1.25, 12.25], "texture": "#1"},
				"west": {"uv": [0.625, 12.125, 1, 12.25], "texture": "#1"},
				"up": {"uv": [0.625, 12.125, 0.375, 11.75], "texture": "#1"},
				"down": {"uv": [0.875, 11.75, 0.625, 12.125], "texture": "#1"}
			}
		},
		{
			"name": "Cube",
			"from": [2, 1, 15],
			"to": [4, 4, 16],
			"faces": {
				"north": {"uv": [10.875, 12.5, 11.125, 12.875], "texture": "#1"},
				"east": {"uv": [10.75, 12.5, 10.875, 12.875], "texture": "#1"},
				"south": {"uv": [11.25, 12.5, 11.5, 12.875], "texture": "#1"},
				"west": {"uv": [11.125, 12.5, 11.25, 12.875], "texture": "#1"},
				"up": {"uv": [11.125, 12.5, 10.875, 12.375], "texture": "#1"},
				"down": {"uv": [11.375, 12.375, 11.125, 12.5], "texture": "#1"}
			}
		},
		{
			"name": "Cube",
			"from": [2, 4, 12],
			"to": [4, 5, 15],
			"faces": {
				"north": {"uv": [2.625, 11, 2.875, 11.125], "texture": "#1"},
				"east": {"uv": [2.25, 11, 2.625, 11.125], "texture": "#1"},
				"south": {"uv": [3.25, 11, 3.5, 11.125], "texture": "#1"},
				"west": {"uv": [2.875, 11, 3.25, 11.125], "texture": "#1"},
				"up": {"uv": [2.875, 11, 2.625, 10.625], "texture": "#1"},
				"down": {"uv": [3.125, 10.625, 2.875, 11], "texture": "#1"}
			}
		},
		{
			"name": "Cube",
			"from": [2, 1, 11],
			"to": [4, 4, 12],
			"faces": {
				"north": {"uv": [8.125, 13.125, 8.375, 13.5], "texture": "#1"},
				"east": {"uv": [8, 13.125, 8.125, 13.5], "texture": "#1"},
				"south": {"uv": [8.5, 13.125, 8.75, 13.5], "texture": "#1"},
				"west": {"uv": [8.375, 13.125, 8.5, 13.5], "texture": "#1"},
				"up": {"uv": [8.375, 13.125, 8.125, 13], "texture": "#1"},
				"down": {"uv": [8.625, 13, 8.375, 13.125], "texture": "#1"}
			}
		},
		{
			"name": "Cube",
			"from": [0, 2, 13],
			"to": [16, 3, 14],
			"faces": {
				"north": {"uv": [0.125, 6.875, 2.125, 7], "texture": "#1"},
				"east": {"uv": [0, 6.875, 0.125, 7], "texture": "#1"},
				"south": {"uv": [2.25, 6.875, 4.25, 7], "texture": "#1"},
				"west": {"uv": [2.125, 6.875, 2.25, 7], "texture": "#1"},
				"up": {"uv": [2.125, 6.875, 0.125, 6.75], "texture": "#1"},
				"down": {"uv": [4.125, 6.75, 2.125, 6.875], "texture": "#1"}
			}
		},
		{
			"name": "Cube",
			"from": [4, 1, 10],
			"to": [4, 4, 11],
			"faces": {
				"north": {"uv": [1.125, 13.625, 1.125, 14], "texture": "#1"},
				"east": {"uv": [1, 13.625, 1.125, 14], "texture": "#1"},
				"south": {"uv": [1.25, 13.625, 1.25, 14], "texture": "#1"},
				"west": {"uv": [1.125, 13.625, 1.25, 14], "texture": "#1"},
				"up": {"uv": [1.125, 13.625, 1.125, 13.5], "texture": "#1"},
				"down": {"uv": [1.125, 13.5, 1.125, 13.625], "texture": "#1"}
			}
		},
		{
			"name": "Cube",
			"from": [4, 0, 11],
			"to": [4, 5, 16],
			"faces": {
				"north": {"uv": [6.375, 7.375, 6.375, 8], "texture": "#1"},
				"east": {"uv": [5.75, 7.375, 6.375, 8], "texture": "#1"},
				"south": {"uv": [7, 7.375, 7, 8], "texture": "#1"},
				"west": {"uv": [6.375, 7.375, 7, 8], "texture": "#1"},
				"up": {"uv": [6.375, 7.375, 6.375, 6.75], "texture": "#1"},
				"down": {"uv": [6.375, 6.75, 6.375, 7.375], "texture": "#1"}
			}
		},
		{
			"name": "Cube",
			"from": [4, 5, 12],
			"to": [4, 6, 15],
			"faces": {
				"north": {"uv": [3.125, 13.375, 3.125, 13.5], "texture": "#1"},
				"east": {"uv": [2.75, 13.375, 3.125, 13.5], "texture": "#1"},
				"south": {"uv": [3.5, 13.375, 3.5, 13.5], "texture": "#1"},
				"west": {"uv": [3.125, 13.375, 3.5, 13.5], "texture": "#1"},
				"up": {"uv": [3.125, 13.375, 3.125, 13], "texture": "#1"},
				"down": {"uv": [3.125, 13, 3.125, 13.375], "texture": "#1"}
			}
		},
		{
			"name": "Cube",
			"from": [4, -1, 12],
			"to": [4, 0, 15],
			"faces": {
				"north": {"uv": [1.125, 13.375, 1.125, 13.5], "texture": "#1"},
				"east": {"uv": [0.75, 13.375, 1.125, 13.5], "texture": "#1"},
				"south": {"uv": [1.5, 13.375, 1.5, 13.5], "texture": "#1"},
				"west": {"uv": [1.125, 13.375, 1.5, 13.5], "texture": "#1"},
				"up": {"uv": [1.125, 13.375, 1.125, 13], "texture": "#1"},
				"down": {"uv": [1.125, 13, 1.125, 13.375], "texture": "#1"}
			}
		},
		{
			"name": "Cube",
			"from": [4, 1, 16],
			"to": [4, 4, 17],
			"faces": {
				"north": {"uv": [3.125, 13.625, 3.125, 14], "texture": "#1"},
				"east": {"uv": [3, 13.625, 3.125, 14], "texture": "#1"},
				"south": {"uv": [3.25, 13.625, 3.25, 14], "texture": "#1"},
				"west": {"uv": [3.125, 13.625, 3.25, 14], "texture": "#1"},
				"up": {"uv": [3.125, 13.625, 3.125, 13.5], "texture": "#1"},
				"down": {"uv": [3.125, 13.5, 3.125, 13.625], "texture": "#1"}
			}
		},
		{
			"name": "Cube",
			"from": [12, 1, 16],
			"to": [12, 4, 17],
			"faces": {
				"north": {"uv": [0.625, 13.625, 0.625, 14], "texture": "#1"},
				"east": {"uv": [0.5, 13.625, 0.625, 14], "texture": "#1"},
				"south": {"uv": [0.75, 13.625, 0.75, 14], "texture": "#1"},
				"west": {"uv": [0.625, 13.625, 0.75, 14], "texture": "#1"},
				"up": {"uv": [0.625, 13.625, 0.625, 13.5], "texture": "#1"},
				"down": {"uv": [0.625, 13.5, 0.625, 13.625], "texture": "#1"}
			}
		},
		{
			"name": "Cube",
			"from": [12, 1, 15],
			"to": [14, 4, 16],
			"faces": {
				"north": {"uv": [7.375, 12.5, 7.625, 12.875], "texture": "#1"},
				"east": {"uv": [7.25, 12.5, 7.375, 12.875], "texture": "#1"},
				"south": {"uv": [7.75, 12.5, 8, 12.875], "texture": "#1"},
				"west": {"uv": [7.625, 12.5, 7.75, 12.875], "texture": "#1"},
				"up": {"uv": [7.625, 12.5, 7.375, 12.375], "texture": "#1"},
				"down": {"uv": [7.875, 12.375, 7.625, 12.5], "texture": "#1"}
			}
		},
		{
			"name": "Cube",
			"from": [12, 4, 12],
			"to": [14, 5, 15],
			"faces": {
				"north": {"uv": [4.125, 12.125, 4.375, 12.25], "texture": "#1"},
				"east": {"uv": [3.75, 12.125, 4.125, 12.25], "texture": "#1"},
				"south": {"uv": [4.75, 12.125, 5, 12.25], "texture": "#1"},
				"west": {"uv": [4.375, 12.125, 4.75, 12.25], "texture": "#1"},
				"up": {"uv": [4.375, 12.125, 4.125, 11.75], "texture": "#1"},
				"down": {"uv": [4.625, 11.75, 4.375, 12.125], "texture": "#1"}
			}
		},
		{
			"name": "Cube",
			"from": [12, 5, 12],
			"to": [12, 6, 15],
			"faces": {
				"north": {"uv": [6.625, 13.375, 6.625, 13.5], "texture": "#1"},
				"east": {"uv": [6.25, 13.375, 6.625, 13.5], "texture": "#1"},
				"south": {"uv": [7, 13.375, 7, 13.5], "texture": "#1"},
				"west": {"uv": [6.625, 13.375, 7, 13.5], "texture": "#1"},
				"up": {"uv": [6.625, 13.375, 6.625, 13], "texture": "#1"},
				"down": {"uv": [6.625, 13, 6.625, 13.375], "texture": "#1"}
			}
		},
		{
			"name": "Cube",
			"from": [12, 0, 11],
			"to": [12, 5, 16],
			"faces": {
				"north": {"uv": [4.875, 7.375, 4.875, 8], "texture": "#1"},
				"east": {"uv": [4.25, 7.375, 4.875, 8], "texture": "#1"},
				"south": {"uv": [5.5, 7.375, 5.5, 8], "texture": "#1"},
				"west": {"uv": [4.875, 7.375, 5.5, 8], "texture": "#1"},
				"up": {"uv": [4.875, 7.375, 4.875, 6.75], "texture": "#1"},
				"down": {"uv": [4.875, 6.75, 4.875, 7.375], "texture": "#1"}
			}
		},
		{
			"name": "Cube",
			"from": [12, 1, 10],
			"to": [12, 4, 11],
			"faces": {
				"north": {"uv": [2.125, 13.625, 2.125, 14], "texture": "#1"},
				"east": {"uv": [2, 13.625, 2.125, 14], "texture": "#1"},
				"south": {"uv": [2.25, 13.625, 2.25, 14], "texture": "#1"},
				"west": {"uv": [2.125, 13.625, 2.25, 14], "texture": "#1"},
				"up": {"uv": [2.125, 13.625, 2.125, 13.5], "texture": "#1"},
				"down": {"uv": [2.125, 13.5, 2.125, 13.625], "texture": "#1"}
			}
		},
		{
			"name": "Cube",
			"from": [12, -1, 12],
			"to": [12, 0, 15],
			"faces": {
				"north": {"uv": [6.625, 12.75, 6.625, 12.875], "texture": "#1"},
				"east": {"uv": [6.25, 12.75, 6.625, 12.875], "texture": "#1"},
				"south": {"uv": [7, 12.75, 7, 12.875], "texture": "#1"},
				"west": {"uv": [6.625, 12.75, 7, 12.875], "texture": "#1"},
				"up": {"uv": [6.625, 12.75, 6.625, 12.375], "texture": "#1"},
				"down": {"uv": [6.625, 12.375, 6.625, 12.75], "texture": "#1"}
			}
		},
		{
			"name": "Cube",
			"from": [12, 1, 11],
			"to": [14, 4, 12],
			"faces": {
				"north": {"uv": [3.875, 13.125, 4.125, 13.5], "texture": "#1"},
				"east": {"uv": [3.75, 13.125, 3.875, 13.5], "texture": "#1"},
				"south": {"uv": [4.25, 13.125, 4.5, 13.5], "texture": "#1"},
				"west": {"uv": [4.125, 13.125, 4.25, 13.5], "texture": "#1"},
				"up": {"uv": [4.125, 13.125, 3.875, 13], "texture": "#1"},
				"down": {"uv": [4.375, 13, 4.125, 13.125], "texture": "#1"}
			}
		},
		{
			"name": "Cube",
			"from": [12, 0, 12],
			"to": [14, 1, 15],
			"faces": {
				"north": {"uv": [7.875, 12.125, 8.125, 12.25], "texture": "#1"},
				"east": {"uv": [7.5, 12.125, 7.875, 12.25], "texture": "#1"},
				"south": {"uv": [8.5, 12.125, 8.75, 12.25], "texture": "#1"},
				"west": {"uv": [8.125, 12.125, 8.5, 12.25], "texture": "#1"},
				"up": {"uv": [8.125, 12.125, 7.875, 11.75], "texture": "#1"},
				"down": {"uv": [8.375, 11.75, 8.125, 12.125], "texture": "#1"}
			}
		},
		{
			"name": "Cube",
			"from": [2, 0, 12],
			"to": [4, 1, 15],
			"faces": {
				"north": {"uv": [2.625, 10.5, 2.875, 10.625], "texture": "#1"},
				"east": {"uv": [2.25, 10.5, 2.625, 10.625], "texture": "#1"},
				"south": {"uv": [3.25, 10.5, 3.5, 10.625], "texture": "#1"},
				"west": {"uv": [2.875, 10.5, 3.25, 10.625], "texture": "#1"},
				"up": {"uv": [2.875, 10.5, 2.625, 10.125], "texture": "#1"},
				"down": {"uv": [3.125, 10.125, 2.875, 10.5], "texture": "#1"}
			}
		},
		{
			"name": "Cube",
			"from": [2, 0, -1],
			"to": [4, 1, 2],
			"faces": {
				"north": {"uv": [5.375, 12.125, 5.625, 12.25], "texture": "#1"},
				"east": {"uv": [5, 12.125, 5.375, 12.25], "texture": "#1"},
				"south": {"uv": [6, 12.125, 6.25, 12.25], "texture": "#1"},
				"west": {"uv": [5.625, 12.125, 6, 12.25], "texture": "#1"},
				"up": {"uv": [5.625, 12.125, 5.375, 11.75], "texture": "#1"},
				"down": {"uv": [5.875, 11.75, 5.625, 12.125], "texture": "#1"}
			}
		},
		{
			"name": "Cube",
			"from": [2, 1, 2],
			"to": [4, 4, 3],
			"faces": {
				"north": {"uv": [7.375, 13.125, 7.625, 13.5], "texture": "#1"},
				"east": {"uv": [7.25, 13.125, 7.375, 13.5], "texture": "#1"},
				"south": {"uv": [7.75, 13.125, 8, 13.5], "texture": "#1"},
				"west": {"uv": [7.625, 13.125, 7.75, 13.5], "texture": "#1"},
				"up": {"uv": [7.625, 13.125, 7.375, 13], "texture": "#1"},
				"down": {"uv": [7.875, 13, 7.625, 13.125], "texture": "#1"}
			}
		},
		{
			"name": "Cube",
			"from": [2, 4, -1],
			"to": [4, 5, 2],
			"faces": {
				"north": {"uv": [2.875, 12.125, 3.125, 12.25], "texture": "#1"},
				"east": {"uv": [2.5, 12.125, 2.875, 12.25], "texture": "#1"},
				"south": {"uv": [3.5, 12.125, 3.75, 12.25], "texture": "#1"},
				"west": {"uv": [3.125, 12.125, 3.5, 12.25], "texture": "#1"},
				"up": {"uv": [3.125, 12.125, 2.875, 11.75], "texture": "#1"},
				"down": {"uv": [3.375, 11.75, 3.125, 12.125], "texture": "#1"}
			}
		},
		{
			"name": "Cube",
			"from": [2, 1, -2],
			"to": [4, 4, -1],
			"faces": {
				"north": {"uv": [10.125, 12.5, 10.375, 12.875], "texture": "#1"},
				"east": {"uv": [10, 12.5, 10.125, 12.875], "texture": "#1"},
				"south": {"uv": [10.5, 12.5, 10.75, 12.875], "texture": "#1"},
				"west": {"uv": [10.375, 12.5, 10.5, 12.875], "texture": "#1"},
				"up": {"uv": [10.375, 12.5, 10.125, 12.375], "texture": "#1"},
				"down": {"uv": [10.625, 12.375, 10.375, 12.5], "texture": "#1"}
			}
		},
		{
			"name": "Cube",
			"from": [0, 2, 0],
			"to": [16, 3, 1],
			"faces": {
				"north": {"uv": [5.375, 5.125, 7.375, 5.25], "texture": "#1"},
				"east": {"uv": [5.25, 5.125, 5.375, 5.25], "texture": "#1"},
				"south": {"uv": [7.5, 5.125, 9.5, 5.25], "texture": "#1"},
				"west": {"uv": [7.375, 5.125, 7.5, 5.25], "texture": "#1"},
				"up": {"uv": [7.375, 5.125, 5.375, 5], "texture": "#1"},
				"down": {"uv": [9.375, 5, 7.375, 5.125], "texture": "#1"}
			}
		},
		{
			"name": "Cube",
			"from": [4, 1, -3],
			"to": [4, 4, -2],
			"faces": {
				"north": {"uv": [4.125, 13.625, 4.125, 14], "texture": "#1"},
				"east": {"uv": [4, 13.625, 4.125, 14], "texture": "#1"},
				"south": {"uv": [4.25, 13.625, 4.25, 14], "texture": "#1"},
				"west": {"uv": [4.125, 13.625, 4.25, 14], "texture": "#1"},
				"up": {"uv": [4.125, 13.625, 4.125, 13.5], "texture": "#1"},
				"down": {"uv": [4.125, 13.5, 4.125, 13.625], "texture": "#1"}
			}
		},
		{
			"name": "Cube",
			"from": [4, 0, -2],
			"to": [4, 5, 3],
			"faces": {
				"north": {"uv": [2.125, 8.625, 2.125, 9.25], "texture": "#1"},
				"east": {"uv": [1.5, 8.625, 2.125, 9.25], "texture": "#1"},
				"south": {"uv": [2.75, 8.625, 2.75, 9.25], "texture": "#1"},
				"west": {"uv": [2.125, 8.625, 2.75, 9.25], "texture": "#1"},
				"up": {"uv": [2.125, 8.625, 2.125, 8], "texture": "#1"},
				"down": {"uv": [2.125, 8, 2.125, 8.625], "texture": "#1"}
			}
		},
		{
			"name": "Cube",
			"from": [4, 5, -1],
			"to": [4, 6, 2],
			"faces": {
				"north": {"uv": [8.375, 12.75, 8.375, 12.875], "texture": "#1"},
				"east": {"uv": [8, 12.75, 8.375, 12.875], "texture": "#1"},
				"south": {"uv": [8.75, 12.75, 8.75, 12.875], "texture": "#1"},
				"west": {"uv": [8.375, 12.75, 8.75, 12.875], "texture": "#1"},
				"up": {"uv": [8.375, 12.75, 8.375, 12.375], "texture": "#1"},
				"down": {"uv": [8.375, 12.375, 8.375, 12.75], "texture": "#1"}
			}
		},
		{
			"name": "Cube",
			"from": [4, -1, -1],
			"to": [4, 0, 2],
			"faces": {
				"north": {"uv": [9.375, 12.75, 9.375, 12.875], "texture": "#1"},
				"east": {"uv": [9, 12.75, 9.375, 12.875], "texture": "#1"},
				"south": {"uv": [9.75, 12.75, 9.75, 12.875], "texture": "#1"},
				"west": {"uv": [9.375, 12.75, 9.75, 12.875], "texture": "#1"},
				"up": {"uv": [9.375, 12.75, 9.375, 12.375], "texture": "#1"},
				"down": {"uv": [9.375, 12.375, 9.375, 12.75], "texture": "#1"}
			}
		},
		{
			"name": "Cube",
			"from": [4, 1, 3],
			"to": [4, 4, 4],
			"faces": {
				"north": {"uv": [2.625, 13.625, 2.625, 14], "texture": "#1"},
				"east": {"uv": [2.5, 13.625, 2.625, 14], "texture": "#1"},
				"south": {"uv": [2.75, 13.625, 2.75, 14], "texture": "#1"},
				"west": {"uv": [2.625, 13.625, 2.75, 14], "texture": "#1"},
				"up": {"uv": [2.625, 13.625, 2.625, 13.5], "texture": "#1"},
				"down": {"uv": [2.625, 13.5, 2.625, 13.625], "texture": "#1"}
			}
		},
		{
			"name": "Cube",
			"from": [12, 1, 3],
			"to": [12, 4, 4],
			"faces": {
				"north": {"uv": [1.625, 13.625, 1.625, 14], "texture": "#1"},
				"east": {"uv": [1.5, 13.625, 1.625, 14], "texture": "#1"},
				"south": {"uv": [1.75, 13.625, 1.75, 14], "texture": "#1"},
				"west": {"uv": [1.625, 13.625, 1.75, 14], "texture": "#1"},
				"up": {"uv": [1.625, 13.625, 1.625, 13.5], "texture": "#1"},
				"down": {"uv": [1.625, 13.5, 1.625, 13.625], "texture": "#1"}
			}
		},
		{
			"name": "Cube",
			"from": [12, 1, 2],
			"to": [14, 4, 3],
			"faces": {
				"north": {"uv": [0.125, 13.125, 0.375, 13.5], "texture": "#1"},
				"east": {"uv": [0, 13.125, 0.125, 13.5], "texture": "#1"},
				"south": {"uv": [0.5, 13.125, 0.75, 13.5], "texture": "#1"},
				"west": {"uv": [0.375, 13.125, 0.5, 13.5], "texture": "#1"},
				"up": {"uv": [0.375, 13.125, 0.125, 13], "texture": "#1"},
				"down": {"uv": [0.625, 13, 0.375, 13.125], "texture": "#1"}
			}
		},
		{
			"name": "Cube",
			"from": [12, 4, -1],
			"to": [14, 5, 2],
			"faces": {
				"north": {"uv": [2.625, 11.5, 2.875, 11.625], "texture": "#1"},
				"east": {"uv": [2.25, 11.5, 2.625, 11.625], "texture": "#1"},
				"south": {"uv": [3.25, 11.5, 3.5, 11.625], "texture": "#1"},
				"west": {"uv": [2.875, 11.5, 3.25, 11.625], "texture": "#1"},
				"up": {"uv": [2.875, 11.5, 2.625, 11.125], "texture": "#1"},
				"down": {"uv": [3.125, 11.125, 2.875, 11.5], "texture": "#1"}
			}
		},
		{
			"name": "Cube",
			"from": [12, 5, -1],
			"to": [12, 6, 2],
			"faces": {
				"north": {"uv": [2.125, 13.375, 2.125, 13.5], "texture": "#1"},
				"east": {"uv": [1.75, 13.375, 2.125, 13.5], "texture": "#1"},
				"south": {"uv": [2.5, 13.375, 2.5, 13.5], "texture": "#1"},
				"west": {"uv": [2.125, 13.375, 2.5, 13.5], "texture": "#1"},
				"up": {"uv": [2.125, 13.375, 2.125, 13], "texture": "#1"},
				"down": {"uv": [2.125, 13, 2.125, 13.375], "texture": "#1"}
			}
		},
		{
			"name": "Cube",
			"from": [12, 0, -2],
			"to": [12, 5, 3],
			"faces": {
				"north": {"uv": [0.625, 8.625, 0.625, 9.25], "texture": "#1"},
				"east": {"uv": [0, 8.625, 0.625, 9.25], "texture": "#1"},
				"south": {"uv": [1.25, 8.625, 1.25, 9.25], "texture": "#1"},
				"west": {"uv": [0.625, 8.625, 1.25, 9.25], "texture": "#1"},
				"up": {"uv": [0.625, 8.625, 0.625, 8], "texture": "#1"},
				"down": {"uv": [0.625, 8, 0.625, 8.625], "texture": "#1"}
			}
		},
		{
			"name": "Cube",
			"from": [12, 1, -3],
			"to": [12, 4, -2],
			"faces": {
				"north": {"uv": [4.625, 13.625, 4.625, 14], "texture": "#1"},
				"east": {"uv": [4.5, 13.625, 4.625, 14], "texture": "#1"},
				"south": {"uv": [4.75, 13.625, 4.75, 14], "texture": "#1"},
				"west": {"uv": [4.625, 13.625, 4.75, 14], "texture": "#1"},
				"up": {"uv": [4.625, 13.625, 4.625, 13.5], "texture": "#1"},
				"down": {"uv": [4.625, 13.5, 4.625, 13.625], "texture": "#1"}
			}
		},
		{
			"name": "Cube",
			"from": [12, -1, -1],
			"to": [12, 0, 2],
			"faces": {
				"north": {"uv": [4.875, 13.375, 4.875, 13.5], "texture": "#1"},
				"east": {"uv": [4.5, 13.375, 4.875, 13.5], "texture": "#1"},
				"south": {"uv": [5.25, 13.375, 5.25, 13.5], "texture": "#1"},
				"west": {"uv": [4.875, 13.375, 5.25, 13.5], "texture": "#1"},
				"up": {"uv": [4.875, 13.375, 4.875, 13], "texture": "#1"},
				"down": {"uv": [4.875, 13, 4.875, 13.375], "texture": "#1"}
			}
		},
		{
			"name": "Cube",
			"from": [12, 1, -2],
			"to": [14, 4, -1],
			"faces": {
				"north": {"uv": [5.625, 13.125, 5.875, 13.5], "texture": "#1"},
				"east": {"uv": [5.5, 13.125, 5.625, 13.5], "texture": "#1"},
				"south": {"uv": [6, 13.125, 6.25, 13.5], "texture": "#1"},
				"west": {"uv": [5.875, 13.125, 6, 13.5], "texture": "#1"},
				"up": {"uv": [5.875, 13.125, 5.625, 13], "texture": "#1"},
				"down": {"uv": [6.125, 13, 5.875, 13.125], "texture": "#1"}
			}
		},
		{
			"name": "Cube",
			"from": [12, 0, -1],
			"to": [14, 1, 2],
			"faces": {
				"north": {"uv": [6.625, 12.125, 6.875, 12.25], "texture": "#1"},
				"east": {"uv": [6.25, 12.125, 6.625, 12.25], "texture": "#1"},
				"south": {"uv": [7.25, 12.125, 7.5, 12.25], "texture": "#1"},
				"west": {"uv": [6.875, 12.125, 7.25, 12.25], "texture": "#1"},
				"up": {"uv": [6.875, 12.125, 6.625, 11.75], "texture": "#1"},
				"down": {"uv": [7.125, 11.75, 6.875, 12.125], "texture": "#1"}
			}
		},
		{
			"name": "Cube",
			"from": [2, 0, -1],
			"to": [4, 1, 2],
			"faces": {
				"north": {"uv": [1.625, 12.125, 1.875, 12.25], "texture": "#1"},
				"east": {"uv": [1.25, 12.125, 1.625, 12.25], "texture": "#1"},
				"south": {"uv": [2.25, 12.125, 2.5, 12.25], "texture": "#1"},
				"west": {"uv": [1.875, 12.125, 2.25, 12.25], "texture": "#1"},
				"up": {"uv": [1.875, 12.125, 1.625, 11.75], "texture": "#1"},
				"down": {"uv": [2.125, 11.75, 1.875, 12.125], "texture": "#1"}
			}
		},
		{
			"from": [-1, 6.5, -10],
			"to": [17, 7.5, -4],
			"faces": {
				"north": {"uv": [6, 4.875, 8.25, 5], "texture": "#1"},
				"east": {"uv": [5.25, 4.875, 6, 5], "texture": "#1"},
				"south": {"uv": [9, 4.875, 11.25, 5], "texture": "#1"},
				"west": {"uv": [8.25, 4.875, 9, 5], "texture": "#1"},
				"up": {"uv": [8.25, 4.875, 6, 4.125], "texture": "#1"},
				"down": {"uv": [10.5, 4.125, 8.25, 4.875], "texture": "#1"}
			}
		},
		{
			"from": [6, 18.5, -11],
			"to": [10, 19.5, -10],
			"faces": {
				"north": {"uv": [5.125, 12.5, 5.625, 12.625], "texture": "#1"},
				"east": {"uv": [5, 12.5, 5.125, 12.625], "texture": "#1"},
				"south": {"uv": [5.75, 12.5, 6.25, 12.625], "texture": "#1"},
				"west": {"uv": [5.625, 12.5, 5.75, 12.625], "texture": "#1"},
				"up": {"uv": [5.625, 12.5, 5.125, 12.375], "texture": "#1"},
				"down": {"uv": [6.125, 12.375, 5.625, 12.5], "texture": "#1"}
			}
		},
		{
			"from": [9, 5.5, -11],
			"to": [10, 19.5, -10],
			"rotation": {"angle": 22.5, "axis": "z", "origin": [10, 19.5, -10.5]},
			"faces": {
				"north": {"uv": [1.875, 10, 2, 11.75], "rotation": 270, "texture": "#1"},
				"east": {"uv": [1.75, 10, 1.875, 11.75], "rotation": 270, "texture": "#1"},
				"south": {"uv": [2.125, 10, 2.25, 11.75], "rotation": 90, "texture": "#1"},
				"west": {"uv": [2, 10, 2.125, 11.75], "rotation": 270, "texture": "#1"},
				"up": {"uv": [2, 10, 1.875, 9.875], "rotation": 90, "texture": "#1"},
				"down": {"uv": [2.125, 9.875, 2, 10], "rotation": 270, "texture": "#1"}
			}
		},
		{
			"from": [6, 5.5, -11],
			"to": [7, 19.5, -10],
			"rotation": {"angle": -22.5, "axis": "z", "origin": [6, 19.5, -10.5]},
			"faces": {
				"north": {"uv": [3.875, 8.125, 4, 9.875], "rotation": 90, "texture": "#1"},
				"east": {"uv": [3.75, 8.125, 3.875, 9.875], "rotation": 270, "texture": "#1"},
				"south": {"uv": [4.125, 8.125, 4.25, 9.875], "rotation": 270, "texture": "#1"},
				"west": {"uv": [4, 8.125, 4.125, 9.875], "rotation": 90, "texture": "#1"},
				"up": {"uv": [4, 8.125, 3.875, 8], "rotation": 270, "texture": "#1"},
				"down": {"uv": [4.125, 8, 4, 8.125], "rotation": 270, "texture": "#1"}
			}
		},
		{
			"from": [7.5, 4.5, -11],
			"to": [8.5, 18.5, -10],
			"faces": {
				"north": {"uv": [3.375, 8.125, 3.5, 9.875], "texture": "#1"},
				"east": {"uv": [3.25, 8.125, 3.375, 9.875], "texture": "#1"},
				"south": {"uv": [3.625, 8.125, 3.75, 9.875], "texture": "#1"},
				"west": {"uv": [3.5, 8.125, 3.625, 9.875], "texture": "#1"},
				"up": {"uv": [3.5, 8.125, 3.375, 8], "texture": "#1"},
				"down": {"uv": [3.625, 8, 3.5, 8.125], "texture": "#1"}
			}
		},
		{
			"from": [7.5, 19.5, -11],
			"to": [8.5, 20.5, -10],
			"faces": {
				"north": {"uv": [3.625, 13.625, 3.75, 13.75], "texture": "#1"},
				"east": {"uv": [3.5, 13.625, 3.625, 13.75], "texture": "#1"},
				"south": {"uv": [3.875, 13.625, 4, 13.75], "texture": "#1"},
				"west": {"uv": [3.75, 13.625, 3.875, 13.75], "texture": "#1"},
				"up": {"uv": [3.75, 13.625, 3.625, 13.5], "texture": "#1"},
				"down": {"uv": [3.875, 13.5, 3.75, 13.625], "texture": "#1"}
			}
		},
		{
			"from": [5, 20.5, -11],
			"to": [11, 21.5, -10],
			"faces": {
				"north": {"uv": [2.375, 10, 3.125, 10.125], "texture": "#1"},
				"east": {"uv": [2.25, 10, 2.375, 10.125], "texture": "#1"},
				"south": {"uv": [3.25, 10, 4, 10.125], "texture": "#1"},
				"west": {"uv": [3.125, 10, 3.25, 10.125], "texture": "#1"},
				"up": {"uv": [3.125, 10, 2.375, 9.875], "texture": "#1"},
				"down": {"uv": [3.875, 9.875, 3.125, 10], "texture": "#1"}
			}
		},
		{
			"from": [10, 21.5, -11],
			"to": [11, 24.5, -10],
			"faces": {
				"north": {"uv": [8.875, 13.125, 9, 13.5], "texture": "#1"},
				"east": {"uv": [8.75, 13.125, 8.875, 13.5], "texture": "#1"},
				"south": {"uv": [9.125, 13.125, 9.25, 13.5], "texture": "#1"},
				"west": {"uv": [9, 13.125, 9.125, 13.5], "texture": "#1"},
				"up": {"uv": [9, 13.125, 8.875, 13], "texture": "#1"},
				"down": {"uv": [9.125, 13, 9, 13.125], "texture": "#1"}
			}
		},
		{
			"from": [7.5, 3.5, -11],
			"to": [8.5, 4.5, 9],
			"faces": {
				"north": {"uv": [2.5, 6.625, 2.625, 6.75], "texture": "#1"},
				"east": {"uv": [0, 6.625, 2.5, 6.75], "texture": "#1"},
				"south": {"uv": [5.125, 6.625, 5.25, 6.75], "texture": "#1"},
				"west": {"uv": [2.625, 6.625, 5.125, 6.75], "texture": "#1"},
				"up": {"uv": [2.625, 6.625, 2.5, 4.125], "texture": "#1"},
				"down": {"uv": [2.75, 4.125, 2.625, 6.625], "texture": "#1"}
			}
		},
		{
			"from": [2.5, 2.5, -5],
			"to": [13.5, 3.5, -4],
			"faces": {
				"north": {"uv": [0.125, 7.125, 1.5, 7.25], "texture": "#1"},
				"east": {"uv": [0, 7.125, 0.125, 7.25], "texture": "#1"},
				"south": {"uv": [1.625, 7.125, 3, 7.25], "texture": "#1"},
				"west": {"uv": [1.5, 7.125, 1.625, 7.25], "texture": "#1"},
				"up": {"uv": [1.5, 7.125, 0.125, 7], "texture": "#1"},
				"down": {"uv": [2.875, 7, 1.5, 7.125], "texture": "#1"}
			}
		},
		{
			"from": [12.5, 1.5, -4],
			"to": [13.5, 4.5, -3],
			"faces": {
				"north": {"uv": [9.375, 13.125, 9.5, 13.5], "texture": "#1"},
				"east": {"uv": [9.25, 13.125, 9.375, 13.5], "texture": "#1"},
				"south": {"uv": [9.625, 13.125, 9.75, 13.5], "texture": "#1"},
				"west": {"uv": [9.5, 13.125, 9.625, 13.5], "texture": "#1"},
				"up": {"uv": [9.5, 13.125, 9.375, 13], "texture": "#1"},
				"down": {"uv": [9.625, 13, 9.5, 13.125], "texture": "#1"}
			}
		},
		{
			"from": [2.5, 1.5, -4],
			"to": [3.5, 4.5, -3],
			"faces": {
				"north": {"uv": [9.875, 13.125, 10, 13.5], "texture": "#1"},
				"east": {"uv": [9.75, 13.125, 9.875, 13.5], "texture": "#1"},
				"south": {"uv": [10.125, 13.125, 10.25, 13.5], "texture": "#1"},
				"west": {"uv": [10, 13.125, 10.125, 13.5], "texture": "#1"},
				"up": {"uv": [10, 13.125, 9.875, 13], "texture": "#1"},
				"down": {"uv": [10.125, 13, 10, 13.125], "texture": "#1"}
			}
		},
		{
			"from": [2.5, 1.5, 9],
			"to": [3.5, 4.5, 10],
			"faces": {
				"north": {"uv": [10.375, 13.125, 10.5, 13.5], "texture": "#1"},
				"east": {"uv": [10.25, 13.125, 10.375, 13.5], "texture": "#1"},
				"south": {"uv": [10.625, 13.125, 10.75, 13.5], "texture": "#1"},
				"west": {"uv": [10.5, 13.125, 10.625, 13.5], "texture": "#1"},
				"up": {"uv": [10.5, 13.125, 10.375, 13], "texture": "#1"},
				"down": {"uv": [10.625, 13, 10.5, 13.125], "texture": "#1"}
			}
		},
		{
			"from": [12.5, 1.5, 9],
			"to": [13.5, 4.5, 10],
			"faces": {
				"north": {"uv": [0.125, 13.625, 0.25, 14], "texture": "#1"},
				"east": {"uv": [0, 13.625, 0.125, 14], "texture": "#1"},
				"south": {"uv": [0.375, 13.625, 0.5, 14], "texture": "#1"},
				"west": {"uv": [0.25, 13.625, 0.375, 14], "texture": "#1"},
				"up": {"uv": [0.25, 13.625, 0.125, 13.5], "texture": "#1"},
				"down": {"uv": [0.375, 13.5, 0.25, 13.625], "texture": "#1"}
			}
		},
		{
			"from": [2.5, 2.5, 8],
			"to": [13.5, 3.5, 9],
			"faces": {
				"north": {"uv": [0.125, 7.375, 1.5, 7.5], "texture": "#1"},
				"east": {"uv": [0, 7.375, 0.125, 7.5], "texture": "#1"},
				"south": {"uv": [1.625, 7.375, 3, 7.5], "texture": "#1"},
				"west": {"uv": [1.5, 7.375, 1.625, 7.5], "texture": "#1"},
				"up": {"uv": [1.5, 7.375, 0.125, 7.25], "texture": "#1"},
				"down": {"uv": [2.875, 7.25, 1.5, 7.375], "texture": "#1"}
			}
		}
	],
	"display": {
		"thirdperson_righthand": {
			"rotation": [70, 0, 0],
			"translation": [-6.5, -23.5, -5]
		}
	},
	"groups": [0, 1, 2, 3, 4, 5, 6, 7, 8, 9, 10, 11, 12, 13, 14, 15, 16, 17, 18, 19, 20, 21, 22, 23, 24, 25, 26, 27, 28, 29, 30, 31, 32, 33, 34, 35, 36,
		{
			"name": "Flachlore",
			"children": [
				{
					"name": "Rahmen",
					"children": [37, 38, 39, 40, 41, 42, 43, 44, 45, 46, 47, 48, 49, 50, 51, 52]
				},
				{
					"name": "Achse",
					"children": [53, 54, 55, 56, 57, 58, 59, 60, 61, 62, 63, 64, 65, 66, 67, 68, 69, 70, 71, 72]
				},
				{
					"name": "Achse",
					"children": [73, 74, 75, 76, 77, 78, 79, 80, 81, 82, 83, 84, 85, 86, 87, 88, 89, 90, 91, 92]
				}, 93, 94, 95, 96, 97, 98, 99, 100, 101, 102, 103, 104, 105, 106, 107]
		}
	]
}