{
	"credit": "Made with Blockbench",
	"textures": {
		"0": "minecraft mod/ARail",
		"particle": "minecraft mod/ARail"
	},
	"elements": [
		{
			"from": [0, 0, 6],
			"to": [16, 1, 10],
			"faces": {
				"north": {"uv": [0, 15, 16, 16], "texture": "#0"},
				"east": {"uv": [0, 11, 4, 12], "texture": "#0"},
				"south": {"uv": [0, 10, 16, 11], "texture": "#0"},
				"west": {"uv": [10, 10, 14, 11], "texture": "#0"},
				"up": {"uv": [0, 7, 16, 11], "texture": "#0"},
				"down": {"uv": [0, 11, 16, 15], "texture": "#0"}
			}
		},
		{
			"from": [12, 1, 0],
			"to": [13, 3, 16],
			"faces": {
				"north": {"uv": [1, 1, 2, 3], "texture": "#0"},
				"east": {"uv": [0, 3, 16, 5], "texture": "#0"},
				"south": {"uv": [15, 1, 16, 3], "texture": "#0"},
				"west": {"uv": [0, 5, 16, 7], "texture": "#0"},
				"up": {"uv": [0, 1, 16, 2], "rotation": 90, "texture": "#0"},
				"down": {"uv": [0, 5, 16, 6], "rotation": 90, "texture": "#0"}
			}
		},
		{
			"from": [3, 1, 0],
			"to": [4, 3, 16],
			"faces": {
				"north": {"uv": [1, 1, 2, 3], "texture": "#0"},
				"east": {"uv": [0, 3, 16, 5], "texture": "#0"},
				"south": {"uv": [15, 1, 16, 3], "texture": "#0"},
				"west": {"uv": [0, 5, 16, 7], "texture": "#0"},
				"up": {"uv": [0, 1, 16, 2], "rotation": 90, "texture": "#0"},
				"down": {"uv": [0, 5, 16, 6], "rotation": 90, "texture": "#0"}
			}
		}
	]
}