{
	"credit": "Made with Blockbench",
	"textures": {
		"0": "Minecraft mod 1/kuli",
		"particle": "Minecraft mod 1/kuli"
	},
	"elements": [
		{
			"name": "Cube",
			"from": [14.5, 3.5, -2],
			"to": [16.5, 6.5, 18],
			"faces": {
				"north": {"uv": [2, 2, 2.2, 2.3], "texture": "#0"},
				"east": {"uv": [0, 2, 2, 2.3], "texture": "#0"},
				"south": {"uv": [4.2, 2, 4.4, 2.3], "texture": "#0"},
				"west": {"uv": [2.2, 2, 4.2, 2.3], "texture": "#0"},
				"up": {"uv": [2.2, 2, 2, 0], "texture": "#0"},
				"down": {"uv": [2.4, 0, 2.2, 2], "texture": "#0"}
			}
		},
		{
			"name": "Cube",
			"from": [14.5, 3.5, -4],
			"to": [16.5, 6.5, -2],
			"rotation": {"angle": 45, "axis": "y", "origin": [16.5, 6, -2]},
			"faces": {
				"north": {"uv": [6.6, 12.8, 6.8, 13.1], "texture": "#0"},
				"east": {"uv": [6.4, 12.8, 6.6, 13.1], "texture": "#0"},
				"south": {"uv": [7, 12.8, 7.2, 13.1], "texture": "#0"},
				"west": {"uv": [6.8, 12.8, 7, 13.1], "texture": "#0"},
				"up": {"uv": [6.8, 12.8, 6.6, 12.6], "texture": "#0"},
				"down": {"uv": [7, 12.6, 6.8, 12.8], "texture": "#0"}
			}
		},
		{
			"name": "Cube",
			"from": [10.2, 3.5, -3.3],
			"to": [15.2, 6.5, -1.3],
			"rotation": {"angle": -22.5, "axis": "y", "origin": [15.5, 6, -3.5]},
			"faces": {
				"north": {"uv": [4, 10.7, 4.5, 11], "texture": "#0"},
				"east": {"uv": [3.8, 10.7, 4, 11], "texture": "#0"},
				"south": {"uv": [4.7, 10.7, 5.2, 11], "texture": "#0"},
				"west": {"uv": [4.5, 10.7, 4.7, 11], "texture": "#0"},
				"up": {"uv": [4.5, 10.7, 4, 10.5], "texture": "#0"},
				"down": {"uv": [5, 10.5, 4.5, 10.7], "texture": "#0"}
			}
		},
		{
			"name": "Cube",
			"from": [5.5, 3.5, -5.3],
			"to": [10.5, 6.5, -3.3],
			"faces": {
				"north": {"uv": [5.4, 10.7, 5.9, 11], "texture": "#0"},
				"east": {"uv": [5.2, 10.7, 5.4, 11], "texture": "#0"},
				"south": {"uv": [6.1, 10.7, 6.6, 11], "texture": "#0"},
				"west": {"uv": [5.9, 10.7, 6.1, 11], "texture": "#0"},
				"up": {"uv": [5.9, 10.7, 5.4, 10.5], "texture": "#0"},
				"down": {"uv": [6.4, 10.5, 5.9, 10.7], "texture": "#0"}
			}
		},
		{
			"name": "Cube",
			"from": [0.8, 3.5, -3.3],
			"to": [5.8, 6.5, -1.3],
			"rotation": {"angle": 22.5, "axis": "y", "origin": [0.5, 6, -3.5]},
			"faces": {
				"north": {"uv": [1.4, 10.7, 1.9, 11], "texture": "#0"},
				"east": {"uv": [1.2, 10.7, 1.4, 11], "texture": "#0"},
				"south": {"uv": [2.1, 10.7, 2.6, 11], "texture": "#0"},
				"west": {"uv": [1.9, 10.7, 2.1, 11], "texture": "#0"},
				"up": {"uv": [1.9, 10.7, 1.4, 10.5], "texture": "#0"},
				"down": {"uv": [2.4, 10.5, 1.9, 10.7], "texture": "#0"}
			}
		},
		{
			"name": "Cube",
			"from": [-0.5, 3.5, -4],
			"to": [1.5, 6.5, -2],
			"rotation": {"angle": -45, "axis": "y", "origin": [-0.5, 6, -2]},
			"faces": {
				"north": {"uv": [5.8, 12.8, 6, 13.1], "texture": "#0"},
				"east": {"uv": [5.6, 12.8, 5.8, 13.1], "texture": "#0"},
				"south": {"uv": [6.2, 12.8, 6.4, 13.1], "texture": "#0"},
				"west": {"uv": [6, 12.8, 6.2, 13.1], "texture": "#0"},
				"up": {"uv": [6, 12.8, 5.8, 12.6], "texture": "#0"},
				"down": {"uv": [6.2, 12.6, 6, 12.8], "texture": "#0"}
			}
		},
		{
			"name": "Cube",
			"from": [-0.5, 3.5, -2],
			"to": [1.5, 6.5, 18],
			"faces": {
				"north": {"uv": [6.4, 2, 6.6, 2.3], "texture": "#0"},
				"east": {"uv": [4.4, 2, 6.4, 2.3], "texture": "#0"},
				"south": {"uv": [8.6, 2, 8.8, 2.3], "texture": "#0"},
				"west": {"uv": [6.6, 2, 8.6, 2.3], "texture": "#0"},
				"up": {"uv": [6.6, 2, 6.4, 0], "texture": "#0"},
				"down": {"uv": [6.8, 0, 6.6, 2], "texture": "#0"}
			}
		},
		{
			"name": "Cube",
			"from": [16.5, 3.5, 9],
			"to": [18.5, 6.5, 11],
			"rotation": {"angle": -45, "axis": "y", "origin": [-0.5, 6, -6]},
			"faces": {
				"north": {"uv": [5, 12.8, 5.2, 13.1], "texture": "#0"},
				"east": {"uv": [4.8, 12.8, 5, 13.1], "texture": "#0"},
				"south": {"uv": [5.4, 12.8, 5.6, 13.1], "texture": "#0"},
				"west": {"uv": [5.2, 12.8, 5.4, 13.1], "texture": "#0"},
				"up": {"uv": [5.2, 12.8, 5, 12.6], "texture": "#0"},
				"down": {"uv": [5.4, 12.6, 5.2, 12.8], "texture": "#0"}
			}
		},
		{
			"name": "Cube",
			"from": [11.2, 3.5, 15.3],
			"to": [16.2, 6.5, 17.3],
			"rotation": {"angle": -22.5, "axis": "y", "origin": [0.5, 6, -7.5]},
			"faces": {
				"north": {"uv": [6.8, 10.7, 7.3, 11], "texture": "#0"},
				"east": {"uv": [6.6, 10.7, 6.8, 11], "texture": "#0"},
				"south": {"uv": [7.5, 10.7, 8, 11], "texture": "#0"},
				"west": {"uv": [7.3, 10.7, 7.5, 11], "texture": "#0"},
				"up": {"uv": [7.3, 10.7, 6.8, 10.5], "texture": "#0"},
				"down": {"uv": [7.8, 10.5, 7.3, 10.7], "texture": "#0"}
			}
		},
		{
			"name": "Cube",
			"from": [5.5, 3.5, 19.4],
			"to": [10.5, 6.5, 21.4],
			"faces": {
				"north": {"uv": [0.2, 11.4, 0.7, 11.7], "texture": "#0"},
				"east": {"uv": [0, 11.4, 0.2, 11.7], "texture": "#0"},
				"south": {"uv": [0.9, 11.4, 1.4, 11.7], "texture": "#0"},
				"west": {"uv": [0.7, 11.4, 0.9, 11.7], "texture": "#0"},
				"up": {"uv": [0.7, 11.4, 0.2, 11.2], "texture": "#0"},
				"down": {"uv": [1.2, 11.2, 0.7, 11.4], "texture": "#0"}
			}
		},
		{
			"name": "Cube",
			"from": [-1.2, 3.5, 21],
			"to": [3.8, 6.5, 23],
			"rotation": {"angle": 22.5, "axis": "y", "origin": [0.5, 6, -7.5]},
			"faces": {
				"north": {"uv": [8.2, 10.7, 8.7, 11], "texture": "#0"},
				"east": {"uv": [8, 10.7, 8.2, 11], "texture": "#0"},
				"south": {"uv": [8.9, 10.7, 9.4, 11], "texture": "#0"},
				"west": {"uv": [8.7, 10.7, 8.9, 11], "texture": "#0"},
				"up": {"uv": [8.7, 10.7, 8.2, 10.5], "texture": "#0"},
				"down": {"uv": [9.2, 10.5, 8.7, 10.7], "texture": "#0"}
			}
		},
		{
			"name": "Cube",
			"from": [-2.5, 3.5, 9],
			"to": [-0.5, 6.5, 11],
			"rotation": {"angle": 45, "axis": "y", "origin": [16.5, 6, -6]},
			"faces": {
				"north": {"uv": [4.2, 12.8, 4.4, 13.1], "texture": "#0"},
				"east": {"uv": [4, 12.8, 4.2, 13.1], "texture": "#0"},
				"south": {"uv": [4.6, 12.8, 4.8, 13.1], "texture": "#0"},
				"west": {"uv": [4.4, 12.8, 4.6, 13.1], "texture": "#0"},
				"up": {"uv": [4.4, 12.8, 4.2, 12.6], "texture": "#0"},
				"down": {"uv": [4.6, 12.6, 4.4, 12.8], "texture": "#0"}
			}
		},
		{
			"name": "Cube",
			"from": [14.5, 1.5, 1.5],
			"to": [16.5, 3.5, 3.5],
			"faces": {
				"north": {"uv": [2.6, 13.3, 2.8, 13.5], "texture": "#0"},
				"east": {"uv": [2.4, 13.3, 2.6, 13.5], "texture": "#0"},
				"south": {"uv": [3, 13.3, 3.2, 13.5], "texture": "#0"},
				"west": {"uv": [2.8, 13.3, 3, 13.5], "texture": "#0"},
				"up": {"uv": [2.8, 13.3, 2.6, 13.1], "texture": "#0"},
				"down": {"uv": [3, 13.1, 2.8, 13.3], "texture": "#0"}
			}
		},
		{
			"name": "Cube",
			"from": [14.5, 1.5, 12.5],
			"to": [16.5, 3.5, 14.5],
			"faces": {
				"north": {"uv": [2.6, 13.7, 2.8, 13.9], "texture": "#0"},
				"east": {"uv": [2.4, 13.7, 2.6, 13.9], "texture": "#0"},
				"south": {"uv": [3, 13.7, 3.2, 13.9], "texture": "#0"},
				"west": {"uv": [2.8, 13.7, 3, 13.9], "texture": "#0"},
				"up": {"uv": [2.8, 13.7, 2.6, 13.5], "texture": "#0"},
				"down": {"uv": [3, 13.5, 2.8, 13.7], "texture": "#0"}
			}
		},
		{
			"name": "Cube",
			"from": [-0.5, 1.5, 12.5],
			"to": [1.5, 3.5, 14.5],
			"faces": {
				"north": {"uv": [3.4, 13.3, 3.6, 13.5], "texture": "#0"},
				"east": {"uv": [3.2, 13.3, 3.4, 13.5], "texture": "#0"},
				"south": {"uv": [3.8, 13.3, 4, 13.5], "texture": "#0"},
				"west": {"uv": [3.6, 13.3, 3.8, 13.5], "texture": "#0"},
				"up": {"uv": [3.6, 13.3, 3.4, 13.1], "texture": "#0"},
				"down": {"uv": [3.8, 13.1, 3.6, 13.3], "texture": "#0"}
			}
		},
		{
			"name": "Cube",
			"from": [-0.5, 1.5, 1.5],
			"to": [1.5, 3.5, 3.5],
			"faces": {
				"north": {"uv": [0.2, 13.7, 0.4, 13.9], "texture": "#0"},
				"east": {"uv": [0, 13.7, 0.2, 13.9], "texture": "#0"},
				"south": {"uv": [0.6, 13.7, 0.8, 13.9], "texture": "#0"},
				"west": {"uv": [0.4, 13.7, 0.6, 13.9], "texture": "#0"},
				"up": {"uv": [0.4, 13.7, 0.2, 13.5], "texture": "#0"},
				"down": {"uv": [0.6, 13.5, 0.4, 13.7], "texture": "#0"}
			}
		},
		{
			"name": "Cube",
			"from": [-0.5, 6.5, -1],
			"to": [16.5, 7.5, 6],
			"faces": {
				"north": {"uv": [0.7, 3, 2.4, 3.1], "texture": "#0"},
				"east": {"uv": [0, 3, 0.7, 3.1], "texture": "#0"},
				"south": {"uv": [3.1, 3, 4.8, 3.1], "texture": "#0"},
				"west": {"uv": [2.4, 3, 3.1, 3.1], "texture": "#0"},
				"up": {"uv": [2.4, 3, 0.7, 2.3], "texture": "#0"},
				"down": {"uv": [4.1, 2.3, 2.4, 3], "texture": "#0"}
			}
		},
		{
			"name": "Cube",
			"from": [7.5, 16.5, -1],
			"to": [15.5, 19.5, 0],
			"faces": {
				"north": {"uv": [1.3, 9.2, 2.1, 9.5], "texture": "#0"},
				"east": {"uv": [1.2, 9.2, 1.3, 9.5], "texture": "#0"},
				"south": {"uv": [2.2, 9.2, 3, 9.5], "texture": "#0"},
				"west": {"uv": [2.1, 9.2, 2.2, 9.5], "texture": "#0"},
				"up": {"uv": [2.1, 9.2, 1.3, 9.1], "texture": "#0"},
				"down": {"uv": [2.9, 9.1, 2.1, 9.2], "texture": "#0"}
			}
		},
		{
			"name": "Cube",
			"from": [7.5, 12.5, 5],
			"to": [15.5, 13.5, 6],
			"faces": {
				"north": {"uv": [5.5, 10.2, 6.3, 10.3], "texture": "#0"},
				"east": {"uv": [5.4, 10.2, 5.5, 10.3], "texture": "#0"},
				"south": {"uv": [6.4, 10.2, 7.2, 10.3], "texture": "#0"},
				"west": {"uv": [6.3, 10.2, 6.4, 10.3], "texture": "#0"},
				"up": {"uv": [6.3, 10.2, 5.5, 10.1], "texture": "#0"},
				"down": {"uv": [7.1, 10.1, 6.3, 10.2], "texture": "#0"}
			}
		},
		{
			"name": "Cube",
			"from": [13.5, 13.5, -1],
			"to": [14.5, 16.5, -1],
			"faces": {
				"north": {"uv": [4, 14.3, 4.1, 14.6], "texture": "#0"},
				"east": {"uv": [4, 14.3, 4, 14.6], "texture": "#0"},
				"south": {"uv": [4.1, 14.3, 4.2, 14.6], "texture": "#0"},
				"west": {"uv": [4.1, 14.3, 4.1, 14.6], "texture": "#0"},
				"up": {"uv": [4.1, 14.3, 4, 14.3], "texture": "#0"},
				"down": {"uv": [4.2, 14.3, 4.1, 14.3], "texture": "#0"}
			}
		},
		{
			"name": "Cube",
			"from": [8.5, 13.5, -1],
			"to": [9.5, 16.5, -1],
			"faces": {
				"north": {"uv": [4.4, 14.3, 4.5, 14.6], "texture": "#0"},
				"east": {"uv": [4.4, 14.3, 4.4, 14.6], "texture": "#0"},
				"south": {"uv": [4.5, 14.3, 4.6, 14.6], "texture": "#0"},
				"west": {"uv": [4.5, 14.3, 4.5, 14.6], "texture": "#0"},
				"up": {"uv": [4.5, 14.3, 4.4, 14.3], "texture": "#0"},
				"down": {"uv": [4.6, 14.3, 4.5, 14.3], "texture": "#0"}
			}
		},
		{
			"name": "Cube",
			"from": [7.5, 7.5, -1],
			"to": [15.5, 13.5, 5],
			"faces": {
				"north": {"uv": [0.6, 4.5, 1.4, 5.1], "texture": "#0"},
				"east": {"uv": [0, 4.5, 0.6, 5.1], "texture": "#0"},
				"south": {"uv": [2, 4.5, 2.8, 5.1], "texture": "#0"},
				"west": {"uv": [1.4, 4.5, 2, 5.1], "texture": "#0"},
				"up": {"uv": [1.4, 4.5, 0.6, 3.9], "texture": "#0"},
				"down": {"uv": [2.2, 3.9, 1.4, 4.5], "texture": "#0"}
			}
		},
		{
			"name": "Cube",
			"from": [-0.5, 6.5, 7],
			"to": [16.5, 8.5, 8],
			"faces": {
				"north": {"uv": [2.9, 4.3, 4.6, 4.5], "texture": "#0"},
				"east": {"uv": [2.8, 4.3, 2.9, 4.5], "texture": "#0"},
				"south": {"uv": [4.7, 4.3, 6.4, 4.5], "texture": "#0"},
				"west": {"uv": [4.6, 4.3, 4.7, 4.5], "texture": "#0"},
				"up": {"uv": [4.6, 4.3, 2.9, 4.2], "texture": "#0"},
				"down": {"uv": [6.3, 4.2, 4.6, 4.3], "texture": "#0"}
			}
		},
		{
			"name": "Cube",
			"from": [-0.5, 6.5, 17],
			"to": [16.5, 8.5, 18],
			"faces": {
				"north": {"uv": [2.9, 4, 4.6, 4.2], "texture": "#0"},
				"east": {"uv": [2.8, 4, 2.9, 4.2], "texture": "#0"},
				"south": {"uv": [4.7, 4, 6.4, 4.2], "texture": "#0"},
				"west": {"uv": [4.6, 4, 4.7, 4.2], "texture": "#0"},
				"up": {"uv": [4.6, 4, 2.9, 3.9], "texture": "#0"},
				"down": {"uv": [6.3, 3.9, 4.6, 4], "texture": "#0"}
			}
		},
		{
			"name": "Cube",
			"from": [14.5, 6.5, 8],
			"to": [15.5, 7.5, 17],
			"faces": {
				"north": {"uv": [4.9, 8.6, 5, 8.7], "texture": "#0"},
				"east": {"uv": [4, 8.6, 4.9, 8.7], "texture": "#0"},
				"south": {"uv": [5.9, 8.6, 6, 8.7], "texture": "#0"},
				"west": {"uv": [5, 8.6, 5.9, 8.7], "texture": "#0"},
				"up": {"uv": [5, 8.6, 4.9, 7.7], "texture": "#0"},
				"down": {"uv": [5.1, 7.7, 5, 8.6], "texture": "#0"}
			}
		},
		{
			"name": "Cube",
			"from": [9.5, 6.5, 8],
			"to": [10.5, 7.5, 17],
			"faces": {
				"north": {"uv": [0.9, 8.6, 1, 8.7], "texture": "#0"},
				"east": {"uv": [0, 8.6, 0.9, 8.7], "texture": "#0"},
				"south": {"uv": [1.9, 8.6, 2, 8.7], "texture": "#0"},
				"west": {"uv": [1, 8.6, 1.9, 8.7], "texture": "#0"},
				"up": {"uv": [1, 8.6, 0.9, 7.7], "texture": "#0"},
				"down": {"uv": [1.1, 7.7, 1, 8.6], "texture": "#0"}
			}
		},
		{
			"name": "Cube",
			"from": [0.5, 6.5, 8],
			"to": [1.5, 7.5, 17],
			"faces": {
				"north": {"uv": [2.9, 8.6, 3, 8.7], "texture": "#0"},
				"east": {"uv": [2, 8.6, 2.9, 8.7], "texture": "#0"},
				"south": {"uv": [3.9, 8.6, 4, 8.7], "texture": "#0"},
				"west": {"uv": [3, 8.6, 3.9, 8.7], "texture": "#0"},
				"up": {"uv": [3, 8.6, 2.9, 7.7], "texture": "#0"},
				"down": {"uv": [3.1, 7.7, 3, 8.6], "texture": "#0"}
			}
		},
		{
			"name": "Cube",
			"from": [5.5, 6.5, 8],
			"to": [6.5, 7.5, 17],
			"faces": {
				"north": {"uv": [8.9, 7.6, 9, 7.7], "texture": "#0"},
				"east": {"uv": [8, 7.6, 8.9, 7.7], "texture": "#0"},
				"south": {"uv": [9.9, 7.6, 10, 7.7], "texture": "#0"},
				"west": {"uv": [9, 7.6, 9.9, 7.7], "texture": "#0"},
				"up": {"uv": [9, 7.6, 8.9, 6.7], "texture": "#0"},
				"down": {"uv": [9.1, 6.7, 9, 7.6], "texture": "#0"}
			}
		},
		{
			"name": "Cube",
			"from": [8.5, 7.5, 9],
			"to": [15.5, 13.5, 16],
			"faces": {
				"north": {"uv": [8.3, 3, 9, 3.6], "texture": "#0"},
				"east": {"uv": [7.6, 3, 8.3, 3.6], "texture": "#0"},
				"south": {"uv": [9.7, 3, 10.4, 3.6], "texture": "#0"},
				"west": {"uv": [9, 3, 9.7, 3.6], "texture": "#0"},
				"up": {"uv": [9, 3, 8.3, 2.3], "texture": "#0"},
				"down": {"uv": [9.7, 2.3, 9, 3], "texture": "#0"}
			}
		},
		{
			"name": "Cube",
			"from": [0.5, 7.5, 8],
			"to": [6.5, 15.5, 16],
			"faces": {
				"north": {"uv": [5.6, 3.1, 6.2, 3.9], "texture": "#0"},
				"east": {"uv": [4.8, 3.1, 5.6, 3.9], "texture": "#0"},
				"south": {"uv": [7, 3.1, 7.6, 3.9], "texture": "#0"},
				"west": {"uv": [6.2, 3.1, 7, 3.9], "texture": "#0"},
				"up": {"uv": [6.2, 3.1, 5.6, 2.3], "texture": "#0"},
				"down": {"uv": [6.8, 2.3, 6.2, 3.1], "texture": "#0"}
			}
		},
		{
			"name": "Cube",
			"from": [11.5, 9.5, 8],
			"to": [12.5, 21.5, 9],
			"faces": {
				"north": {"uv": [1.9, 11.3, 2, 12.5], "texture": "#0"},
				"east": {"uv": [1.8, 11.3, 1.9, 12.5], "texture": "#0"},
				"south": {"uv": [2.1, 11.3, 2.2, 12.5], "texture": "#0"},
				"west": {"uv": [2, 11.3, 2.1, 12.5], "texture": "#0"},
				"up": {"uv": [2, 11.3, 1.9, 11.2], "texture": "#0"},
				"down": {"uv": [2.1, 11.2, 2, 11.3], "texture": "#0"}
			}
		},
		{
			"name": "Cube",
			"from": [-3.5, 11.5, 11],
			"to": [8.5, 13.5, 13],
			"faces": {
				"north": {"uv": [0.2, 7.1, 1.4, 7.3], "texture": "#0"},
				"east": {"uv": [0, 7.1, 0.2, 7.3], "texture": "#0"},
				"south": {"uv": [1.6, 7.1, 2.8, 7.3], "texture": "#0"},
				"west": {"uv": [1.4, 7.1, 1.6, 7.3], "texture": "#0"},
				"up": {"uv": [1.4, 7.1, 0.2, 6.9], "texture": "#0"},
				"down": {"uv": [2.6, 6.9, 1.4, 7.1], "texture": "#0"}
			}
		},
		{
			"name": "Cube",
			"from": [-2.5, 10.5, 7],
			"to": [-0.5, 14.5, 17],
			"faces": {
				"north": {"uv": [7.4, 4.9, 7.6, 5.3], "texture": "#0"},
				"east": {"uv": [6.4, 4.9, 7.4, 5.3], "texture": "#0"},
				"south": {"uv": [8.6, 4.9, 8.8, 5.3], "texture": "#0"},
				"west": {"uv": [7.6, 4.9, 8.6, 5.3], "texture": "#0"},
				"up": {"uv": [7.6, 4.9, 7.4, 3.9], "texture": "#0"},
				"down": {"uv": [7.8, 3.9, 7.6, 4.9], "texture": "#0"}
			}
		},
		{
			"name": "Cube",
			"from": [1.5, 9.5, 6],
			"to": [5.5, 14.5, 8],
			"faces": {
				"north": {"uv": [0.2, 10.7, 0.6, 11.2], "texture": "#0"},
				"east": {"uv": [0, 10.7, 0.2, 11.2], "texture": "#0"},
				"south": {"uv": [0.8, 10.7, 1.2, 11.2], "texture": "#0"},
				"west": {"uv": [0.6, 10.7, 0.8, 11.2], "texture": "#0"},
				"up": {"uv": [0.6, 10.7, 0.2, 10.5], "texture": "#0"},
				"down": {"uv": [1, 10.5, 0.6, 10.7], "texture": "#0"}
			}
		},
		{
			"name": "Cube",
			"from": [3.5, 7.5, 0],
			"to": [4.5, 9.5, 3],
			"faces": {
				"north": {"uv": [8.3, 12.9, 8.4, 13.1], "texture": "#0"},
				"east": {"uv": [8, 12.9, 8.3, 13.1], "texture": "#0"},
				"south": {"uv": [8.7, 12.9, 8.8, 13.1], "texture": "#0"},
				"west": {"uv": [8.4, 12.9, 8.7, 13.1], "texture": "#0"},
				"up": {"uv": [8.4, 12.9, 8.3, 12.6], "texture": "#0"},
				"down": {"uv": [8.5, 12.6, 8.4, 12.9], "texture": "#0"}
			}
		},
		{
			"name": "Cube",
			"from": [-0.5, 14.5, 6],
			"to": [7.5, 17.5, 10],
			"faces": {
				"north": {"uv": [6, 7.1, 6.8, 7.4], "texture": "#0"},
				"east": {"uv": [5.6, 7.1, 6, 7.4], "texture": "#0"},
				"south": {"uv": [7.2, 7.1, 8, 7.4], "texture": "#0"},
				"west": {"uv": [6.8, 7.1, 7.2, 7.4], "texture": "#0"},
				"up": {"uv": [6.8, 7.1, 6, 6.7], "texture": "#0"},
				"down": {"uv": [7.6, 6.7, 6.8, 7.1], "texture": "#0"}
			}
		},
		{
			"name": "Cube",
			"from": [1.5, 15.5, 10],
			"to": [5.5, 16.5, 16],
			"faces": {
				"north": {"uv": [6.6, 8.3, 7, 8.4], "texture": "#0"},
				"east": {"uv": [6, 8.3, 6.6, 8.4], "texture": "#0"},
				"south": {"uv": [7.6, 8.3, 8, 8.4], "texture": "#0"},
				"west": {"uv": [7, 8.3, 7.6, 8.4], "texture": "#0"},
				"up": {"uv": [7, 8.3, 6.6, 7.7], "texture": "#0"},
				"down": {"uv": [7.4, 7.7, 7, 8.3], "texture": "#0"}
			}
		},
		{
			"name": "Cube",
			"from": [1.5, 9.5, 16],
			"to": [5.5, 14.5, 18],
			"faces": {
				"north": {"uv": [2.8, 10.7, 3.2, 11.2], "texture": "#0"},
				"east": {"uv": [2.6, 10.7, 2.8, 11.2], "texture": "#0"},
				"south": {"uv": [3.4, 10.7, 3.8, 11.2], "texture": "#0"},
				"west": {"uv": [3.2, 10.7, 3.4, 11.2], "texture": "#0"},
				"up": {"uv": [3.2, 10.7, 2.8, 10.5], "texture": "#0"},
				"down": {"uv": [3.6, 10.5, 3.2, 10.7], "texture": "#0"}
			}
		},
		{
			"name": "Cube",
			"from": [2.5, 11.5, 4],
			"to": [4.5, 13.5, 6],
			"faces": {
				"north": {"uv": [0.2, 13.3, 0.4, 13.5], "texture": "#0"},
				"east": {"uv": [0, 13.3, 0.2, 13.5], "texture": "#0"},
				"south": {"uv": [0.6, 13.3, 0.8, 13.5], "texture": "#0"},
				"west": {"uv": [0.4, 13.3, 0.6, 13.5], "texture": "#0"},
				"up": {"uv": [0.4, 13.3, 0.2, 13.1], "texture": "#0"},
				"down": {"uv": [0.6, 13.1, 0.4, 13.3], "texture": "#0"}
			}
		},
		{
			"name": "Cube",
			"from": [5.5, 7.5, 0],
			"to": [6.5, 9.5, 3],
			"faces": {
				"north": {"uv": [7.5, 12.9, 7.6, 13.1], "texture": "#0"},
				"east": {"uv": [7.2, 12.9, 7.5, 13.1], "texture": "#0"},
				"south": {"uv": [7.9, 12.9, 8, 13.1], "texture": "#0"},
				"west": {"uv": [7.6, 12.9, 7.9, 13.1], "texture": "#0"},
				"up": {"uv": [7.6, 12.9, 7.5, 12.6], "texture": "#0"},
				"down": {"uv": [7.7, 12.6, 7.6, 12.9], "texture": "#0"}
			}
		},
		{
			"name": "Cube",
			"from": [4.5, 7.5, 1],
			"to": [5.5, 20.5, 2],
			"faces": {
				"north": {"uv": [1.5, 11.3, 1.6, 12.6], "texture": "#0"},
				"east": {"uv": [1.4, 11.3, 1.5, 12.6], "texture": "#0"},
				"south": {"uv": [1.7, 11.3, 1.8, 12.6], "texture": "#0"},
				"west": {"uv": [1.6, 11.3, 1.7, 12.6], "texture": "#0"},
				"up": {"uv": [1.6, 11.3, 1.5, 11.2], "texture": "#0"},
				"down": {"uv": [1.7, 11.2, 1.6, 11.3], "texture": "#0"}
			}
		},
		{
			"name": "Cube",
			"from": [8.5, 13.5, 10],
			"to": [15.5, 15.5, 15],
			"faces": {
				"north": {"uv": [3.7, 7.2, 4.4, 7.4], "texture": "#0"},
				"east": {"uv": [3.2, 7.2, 3.7, 7.4], "texture": "#0"},
				"south": {"uv": [4.9, 7.2, 5.6, 7.4], "texture": "#0"},
				"west": {"uv": [4.4, 7.2, 4.9, 7.4], "texture": "#0"},
				"up": {"uv": [4.4, 7.2, 3.7, 6.7], "texture": "#0"},
				"down": {"uv": [5.1, 6.7, 4.4, 7.2], "texture": "#0"}
			}
		},
		{
			"name": "Cube",
			"from": [7.5, 6.5, 20.4],
			"to": [8.5, 8.5, 21.4],
			"faces": {
				"north": {"uv": [0.5, 14.4, 0.6, 14.6], "texture": "#0"},
				"east": {"uv": [0.4, 14.4, 0.5, 14.6], "texture": "#0"},
				"south": {"uv": [0.7, 14.4, 0.8, 14.6], "texture": "#0"},
				"west": {"uv": [0.6, 14.4, 0.7, 14.6], "texture": "#0"},
				"up": {"uv": [0.6, 14.4, 0.5, 14.3], "texture": "#0"},
				"down": {"uv": [0.7, 14.3, 0.6, 14.4], "texture": "#0"}
			}
		},
		{
			"name": "Cube",
			"from": [7.5, 6.5, -5.3],
			"to": [8.5, 8.5, -4.3],
			"faces": {
				"north": {"uv": [0.1, 14.4, 0.2, 14.6], "texture": "#0"},
				"east": {"uv": [0, 14.4, 0.1, 14.6], "texture": "#0"},
				"south": {"uv": [0.3, 14.4, 0.4, 14.6], "texture": "#0"},
				"west": {"uv": [0.2, 14.4, 0.3, 14.6], "texture": "#0"},
				"up": {"uv": [0.2, 14.4, 0.1, 14.3], "texture": "#0"},
				"down": {"uv": [0.3, 14.3, 0.2, 14.4], "texture": "#0"}
			}
		},
		{
			"name": "Cube",
			"from": [0.5, 4.5, -4],
			"to": [1.5, 11.5, -3],
			"rotation": {"angle": -22.5, "axis": "x", "origin": [8, 9.33333, -3.5]},
			"faces": {
				"north": {"uv": [1.7, 13.2, 1.8, 13.9], "texture": "#0"},
				"east": {"uv": [1.6, 13.2, 1.7, 13.9], "texture": "#0"},
				"south": {"uv": [1.9, 13.2, 2, 13.9], "texture": "#0"},
				"west": {"uv": [1.8, 13.2, 1.9, 13.9], "texture": "#0"},
				"up": {"uv": [1.8, 13.2, 1.7, 13.1], "texture": "#0"},
				"down": {"uv": [1.9, 13.1, 1.8, 13.2], "texture": "#0"}
			}
		},
		{
			"name": "Cube",
			"from": [14.5, 4.5, -4],
			"to": [15.5, 11.5, -3],
			"rotation": {"angle": -22.5, "axis": "x", "origin": [8, 9.33333, -3.5]},
			"faces": {
				"north": {"uv": [1.3, 13.2, 1.4, 13.9], "texture": "#0"},
				"east": {"uv": [1.2, 13.2, 1.3, 13.9], "texture": "#0"},
				"south": {"uv": [1.5, 13.2, 1.6, 13.9], "texture": "#0"},
				"west": {"uv": [1.4, 13.2, 1.5, 13.9], "texture": "#0"},
				"up": {"uv": [1.4, 13.2, 1.3, 13.1], "texture": "#0"},
				"down": {"uv": [1.5, 13.1, 1.4, 13.2], "texture": "#0"}
			}
		},
		{
			"name": "Cube",
			"from": [0.5, 11.5, -4],
			"to": [15.5, 12.5, -3],
			"rotation": {"angle": -22.5, "axis": "x", "origin": [8, 9.33333, -3.5]},
			"faces": {
				"north": {"uv": [0.1, 6.8, 1.6, 6.9], "texture": "#0"},
				"east": {"uv": [0, 6.8, 0.1, 6.9], "texture": "#0"},
				"south": {"uv": [1.7, 6.8, 3.2, 6.9], "texture": "#0"},
				"west": {"uv": [1.6, 6.8, 1.7, 6.9], "texture": "#0"},
				"up": {"uv": [1.6, 6.8, 0.1, 6.7], "texture": "#0"},
				"down": {"uv": [3.1, 6.7, 1.6, 6.8], "texture": "#0"}
			}
		},
		{
			"name": "Cube",
			"from": [0.5, 11.5, 19],
			"to": [15.5, 12.5, 20],
			"rotation": {"angle": 22.5, "axis": "x", "origin": [8, 9.33333, 19.5]},
			"faces": {
				"north": {"uv": [2.5, 5.8, 4, 5.9], "texture": "#0"},
				"east": {"uv": [2.4, 5.8, 2.5, 5.9], "texture": "#0"},
				"south": {"uv": [4.1, 5.8, 5.6, 5.9], "texture": "#0"},
				"west": {"uv": [4, 5.8, 4.1, 5.9], "texture": "#0"},
				"up": {"uv": [4, 5.8, 2.5, 5.7], "texture": "#0"},
				"down": {"uv": [5.5, 5.7, 4, 5.8], "texture": "#0"}
			}
		},
		{
			"name": "Cube",
			"from": [0.5, 4.5, 19],
			"to": [1.5, 11.5, 20],
			"rotation": {"angle": 22.5, "axis": "x", "origin": [8, 9.33333, 19.5]},
			"faces": {
				"north": {"uv": [2.1, 13.2, 2.2, 13.9], "texture": "#0"},
				"east": {"uv": [2, 13.2, 2.1, 13.9], "texture": "#0"},
				"south": {"uv": [2.3, 13.2, 2.4, 13.9], "texture": "#0"},
				"west": {"uv": [2.2, 13.2, 2.3, 13.9], "texture": "#0"},
				"up": {"uv": [2.2, 13.2, 2.1, 13.1], "texture": "#0"},
				"down": {"uv": [2.3, 13.1, 2.2, 13.2], "texture": "#0"}
			}
		},
		{
			"name": "Cube",
			"from": [14.5, 4.5, 19],
			"to": [15.5, 11.5, 20],
			"rotation": {"angle": 22.5, "axis": "x", "origin": [8, 9.33333, 19.5]},
			"faces": {
				"north": {"uv": [0.9, 13.2, 1, 13.9], "texture": "#0"},
				"east": {"uv": [0.8, 13.2, 0.9, 13.9], "texture": "#0"},
				"south": {"uv": [1.1, 13.2, 1.2, 13.9], "texture": "#0"},
				"west": {"uv": [1, 13.2, 1.1, 13.9], "texture": "#0"},
				"up": {"uv": [1, 13.2, 0.9, 13.1], "texture": "#0"},
				"down": {"uv": [1.1, 13.1, 1, 13.2], "texture": "#0"}
			}
		},
		{
			"name": "Cube",
			"from": [-2.5, 10.5, 7],
			"to": [-0.5, 14.5, 17],
			"rotation": {"angle": 45, "axis": "x", "origin": [-1.5, 12.5, 12]},
			"faces": {
				"north": {"uv": [7.4, 4.9, 7.6, 5.3], "texture": "#0"},
				"east": {"uv": [6.4, 4.9, 7.4, 5.3], "texture": "#0"},
				"south": {"uv": [8.6, 4.9, 8.8, 5.3], "texture": "#0"},
				"west": {"uv": [7.6, 4.9, 8.6, 5.3], "texture": "#0"},
				"up": {"uv": [7.6, 4.9, 7.4, 3.9], "texture": "#0"},
				"down": {"uv": [7.8, 3.9, 7.6, 4.9], "texture": "#0"}
			}
		},
		{
			"name": "Cube",
			"from": [-2.5, 7.5, 10],
			"to": [-0.5, 17.5, 14],
			"faces": {
				"north": {"uv": [7.8, 3.9, 7.6, 4.9], "rotation": 180, "texture": "#0"},
				"east": {"uv": [6.4, 4.9, 7.4, 5.3], "rotation": 270, "texture": "#0"},
				"south": {"uv": [7.6, 4.9, 7.4, 3.9], "texture": "#0"},
				"west": {"uv": [7.6, 4.9, 8.6, 5.3], "rotation": 90, "texture": "#0"},
				"up": {"uv": [7.4, 4.9, 7.6, 5.3], "rotation": 180, "texture": "#0"},
				"down": {"uv": [8.6, 4.9, 8.8, 5.3], "texture": "#0"}
			}
		},
		{
			"name": "Cube",
			"from": [-2.5, 7.5, 10],
			"to": [-0.5, 17.5, 14],
			"rotation": {"angle": 45, "axis": "x", "origin": [-1.5, 12.5, 12]},
			"faces": {
				"north": {"uv": [7.8, 3.9, 7.6, 4.9], "rotation": 180, "texture": "#0"},
				"east": {"uv": [6.4, 4.9, 7.4, 5.3], "rotation": 270, "texture": "#0"},
				"south": {"uv": [7.6, 4.9, 7.4, 3.9], "texture": "#0"},
				"west": {"uv": [7.6, 4.9, 8.6, 5.3], "rotation": 90, "texture": "#0"},
				"up": {"uv": [7.4, 4.9, 7.6, 5.3], "rotation": 180, "texture": "#0"},
				"down": {"uv": [8.6, 4.9, 8.8, 5.3], "texture": "#0"}
			}
		},
		{
			"name": "Cube",
			"from": [2, 0, 12],
			"to": [4, 1, 15],
			"faces": {
				"north": {"uv": [2.5, 12.3, 2.7, 12.4], "texture": "#0"},
				"east": {"uv": [2.2, 12.3, 2.5, 12.4], "texture": "#0"},
				"south": {"uv": [3, 12.3, 3.2, 12.4], "texture": "#0"},
				"west": {"uv": [2.7, 12.3, 3, 12.4], "texture": "#0"},
				"up": {"uv": [2.7, 12.3, 2.5, 12], "texture": "#0"},
				"down": {"uv": [2.9, 12, 2.7, 12.3], "texture": "#0"}
			}
		},
		{
			"name": "Cube",
			"from": [2, 1, 15],
			"to": [4, 4, 16],
			"faces": {
				"north": {"uv": [4.9, 14, 5.1, 14.3], "texture": "#0"},
				"east": {"uv": [4.8, 14, 4.9, 14.3], "texture": "#0"},
				"south": {"uv": [5.2, 14, 5.4, 14.3], "texture": "#0"},
				"west": {"uv": [5.1, 14, 5.2, 14.3], "texture": "#0"},
				"up": {"uv": [5.1, 14, 4.9, 13.9], "texture": "#0"},
				"down": {"uv": [5.3, 13.9, 5.1, 14], "texture": "#0"}
			}
		},
		{
			"name": "Cube",
			"from": [2, 4, 12],
			"to": [4, 5, 15],
			"faces": {
				"north": {"uv": [2.5, 11.9, 2.7, 12], "texture": "#0"},
				"east": {"uv": [2.2, 11.9, 2.5, 12], "texture": "#0"},
				"south": {"uv": [3, 11.9, 3.2, 12], "texture": "#0"},
				"west": {"uv": [2.7, 11.9, 3, 12], "texture": "#0"},
				"up": {"uv": [2.7, 11.9, 2.5, 11.6], "texture": "#0"},
				"down": {"uv": [2.9, 11.6, 2.7, 11.9], "texture": "#0"}
			}
		},
		{
			"name": "Cube",
			"from": [2, 1, 11],
			"to": [4, 4, 12],
			"faces": {
				"north": {"uv": [8.5, 14, 8.7, 14.3], "texture": "#0"},
				"east": {"uv": [8.4, 14, 8.5, 14.3], "texture": "#0"},
				"south": {"uv": [8.8, 14, 9, 14.3], "texture": "#0"},
				"west": {"uv": [8.7, 14, 8.8, 14.3], "texture": "#0"},
				"up": {"uv": [8.7, 14, 8.5, 13.9], "texture": "#0"},
				"down": {"uv": [8.9, 13.9, 8.7, 14], "texture": "#0"}
			}
		},
		{
			"name": "Cube",
			"from": [0, 2, 13],
			"to": [16, 3, 14],
			"faces": {
				"north": {"uv": [2.5, 5.4, 4.1, 5.5], "texture": "#0"},
				"east": {"uv": [2.4, 5.4, 2.5, 5.5], "texture": "#0"},
				"south": {"uv": [4.2, 5.4, 5.8, 5.5], "texture": "#0"},
				"west": {"uv": [4.1, 5.4, 4.2, 5.5], "texture": "#0"},
				"up": {"uv": [4.1, 5.4, 2.5, 5.3], "texture": "#0"},
				"down": {"uv": [5.7, 5.3, 4.1, 5.4], "texture": "#0"}
			}
		},
		{
			"name": "Cube",
			"from": [4, 1, 10],
			"to": [4, 4, 11],
			"faces": {
				"north": {"uv": [3.3, 14.4, 3.3, 14.7], "texture": "#0"},
				"east": {"uv": [3.2, 14.4, 3.3, 14.7], "texture": "#0"},
				"south": {"uv": [3.4, 14.4, 3.4, 14.7], "texture": "#0"},
				"west": {"uv": [3.3, 14.4, 3.4, 14.7], "texture": "#0"},
				"up": {"uv": [3.3, 14.4, 3.3, 14.3], "texture": "#0"},
				"down": {"uv": [3.3, 14.3, 3.3, 14.4], "texture": "#0"}
			}
		},
		{
			"name": "Cube",
			"from": [4, 0, 11],
			"to": [4, 5, 16],
			"faces": {
				"north": {"uv": [1.7, 10, 1.7, 10.5], "texture": "#0"},
				"east": {"uv": [1.2, 10, 1.7, 10.5], "texture": "#0"},
				"south": {"uv": [2.2, 10, 2.2, 10.5], "texture": "#0"},
				"west": {"uv": [1.7, 10, 2.2, 10.5], "texture": "#0"},
				"up": {"uv": [1.7, 10, 1.7, 9.5], "texture": "#0"},
				"down": {"uv": [1.7, 9.5, 1.7, 10], "texture": "#0"}
			}
		},
		{
			"name": "Cube",
			"from": [4, 5, 12],
			"to": [4, 6, 15],
			"faces": {
				"north": {"uv": [7.1, 14.2, 7.1, 14.3], "texture": "#0"},
				"east": {"uv": [6.8, 14.2, 7.1, 14.3], "texture": "#0"},
				"south": {"uv": [7.4, 14.2, 7.4, 14.3], "texture": "#0"},
				"west": {"uv": [7.1, 14.2, 7.4, 14.3], "texture": "#0"},
				"up": {"uv": [7.1, 14.2, 7.1, 13.9], "texture": "#0"},
				"down": {"uv": [7.1, 13.9, 7.1, 14.2], "texture": "#0"}
			}
		},
		{
			"name": "Cube",
			"from": [4, -1, 12],
			"to": [4, 0, 15],
			"faces": {
				"north": {"uv": [7.9, 14.2, 7.9, 14.3], "texture": "#0"},
				"east": {"uv": [7.6, 14.2, 7.9, 14.3], "texture": "#0"},
				"south": {"uv": [8.2, 14.2, 8.2, 14.3], "texture": "#0"},
				"west": {"uv": [7.9, 14.2, 8.2, 14.3], "texture": "#0"},
				"up": {"uv": [7.9, 14.2, 7.9, 13.9], "texture": "#0"},
				"down": {"uv": [7.9, 13.9, 7.9, 14.2], "texture": "#0"}
			}
		},
		{
			"name": "Cube",
			"from": [4, 1, 16],
			"to": [4, 4, 17],
			"faces": {
				"north": {"uv": [1.3, 14.4, 1.3, 14.7], "texture": "#0"},
				"east": {"uv": [1.2, 14.4, 1.3, 14.7], "texture": "#0"},
				"south": {"uv": [1.4, 14.4, 1.4, 14.7], "texture": "#0"},
				"west": {"uv": [1.3, 14.4, 1.4, 14.7], "texture": "#0"},
				"up": {"uv": [1.3, 14.4, 1.3, 14.3], "texture": "#0"},
				"down": {"uv": [1.3, 14.3, 1.3, 14.4], "texture": "#0"}
			}
		},
		{
			"name": "Cube",
			"from": [12, 1, 16],
			"to": [12, 4, 17],
			"faces": {
				"north": {"uv": [0.9, 14.4, 0.9, 14.7], "texture": "#0"},
				"east": {"uv": [0.8, 14.4, 0.9, 14.7], "texture": "#0"},
				"south": {"uv": [1, 14.4, 1, 14.7], "texture": "#0"},
				"west": {"uv": [0.9, 14.4, 1, 14.7], "texture": "#0"},
				"up": {"uv": [0.9, 14.4, 0.9, 14.3], "texture": "#0"},
				"down": {"uv": [0.9, 14.3, 0.9, 14.4], "texture": "#0"}
			}
		},
		{
			"name": "Cube",
			"from": [12, 1, 15],
			"to": [14, 4, 16],
			"faces": {
				"north": {"uv": [6.3, 14, 6.5, 14.3], "texture": "#0"},
				"east": {"uv": [6.2, 14, 6.3, 14.3], "texture": "#0"},
				"south": {"uv": [6.6, 14, 6.8, 14.3], "texture": "#0"},
				"west": {"uv": [6.5, 14, 6.6, 14.3], "texture": "#0"},
				"up": {"uv": [6.5, 14, 6.3, 13.9], "texture": "#0"},
				"down": {"uv": [6.7, 13.9, 6.5, 14], "texture": "#0"}
			}
		},
		{
			"name": "Cube",
			"from": [12, 4, 12],
			"to": [14, 5, 15],
			"faces": {
				"north": {"uv": [3.5, 11.9, 3.7, 12], "texture": "#0"},
				"east": {"uv": [3.2, 11.9, 3.5, 12], "texture": "#0"},
				"south": {"uv": [4, 11.9, 4.2, 12], "texture": "#0"},
				"west": {"uv": [3.7, 11.9, 4, 12], "texture": "#0"},
				"up": {"uv": [3.7, 11.9, 3.5, 11.6], "texture": "#0"},
				"down": {"uv": [3.9, 11.6, 3.7, 11.9], "texture": "#0"}
			}
		},
		{
			"name": "Cube",
			"from": [12, 5, 12],
			"to": [12, 6, 15],
			"faces": {
				"north": {"uv": [5.7, 14.2, 5.7, 14.3], "texture": "#0"},
				"east": {"uv": [5.4, 14.2, 5.7, 14.3], "texture": "#0"},
				"south": {"uv": [6, 14.2, 6, 14.3], "texture": "#0"},
				"west": {"uv": [5.7, 14.2, 6, 14.3], "texture": "#0"},
				"up": {"uv": [5.7, 14.2, 5.7, 13.9], "texture": "#0"},
				"down": {"uv": [5.7, 13.9, 5.7, 14.2], "texture": "#0"}
			}
		},
		{
			"name": "Cube",
			"from": [12, 0, 11],
			"to": [12, 5, 16],
			"faces": {
				"north": {"uv": [5.9, 9.6, 5.9, 10.1], "texture": "#0"},
				"east": {"uv": [5.4, 9.6, 5.9, 10.1], "texture": "#0"},
				"south": {"uv": [6.4, 9.6, 6.4, 10.1], "texture": "#0"},
				"west": {"uv": [5.9, 9.6, 6.4, 10.1], "texture": "#0"},
				"up": {"uv": [5.9, 9.6, 5.9, 9.1], "texture": "#0"},
				"down": {"uv": [5.9, 9.1, 5.9, 9.6], "texture": "#0"}
			}
		},
		{
			"name": "Cube",
			"from": [12, 1, 10],
			"to": [12, 4, 11],
			"faces": {
				"north": {"uv": [2.5, 14.4, 2.5, 14.7], "texture": "#0"},
				"east": {"uv": [2.4, 14.4, 2.5, 14.7], "texture": "#0"},
				"south": {"uv": [2.6, 14.4, 2.6, 14.7], "texture": "#0"},
				"west": {"uv": [2.5, 14.4, 2.6, 14.7], "texture": "#0"},
				"up": {"uv": [2.5, 14.4, 2.5, 14.3], "texture": "#0"},
				"down": {"uv": [2.5, 14.3, 2.5, 14.4], "texture": "#0"}
			}
		},
		{
			"name": "Cube",
			"from": [12, -1, 12],
			"to": [12, 0, 15],
			"faces": {
				"north": {"uv": [4.3, 13.4, 4.3, 13.5], "texture": "#0"},
				"east": {"uv": [4, 13.4, 4.3, 13.5], "texture": "#0"},
				"south": {"uv": [4.6, 13.4, 4.6, 13.5], "texture": "#0"},
				"west": {"uv": [4.3, 13.4, 4.6, 13.5], "texture": "#0"},
				"up": {"uv": [4.3, 13.4, 4.3, 13.1], "texture": "#0"},
				"down": {"uv": [4.3, 13.1, 4.3, 13.4], "texture": "#0"}
			}
		},
		{
			"name": "Cube",
			"from": [12, 1, 11],
			"to": [14, 4, 12],
			"faces": {
				"north": {"uv": [3.3, 13.6, 3.5, 13.9], "texture": "#0"},
				"east": {"uv": [3.2, 13.6, 3.3, 13.9], "texture": "#0"},
				"south": {"uv": [3.6, 13.6, 3.8, 13.9], "texture": "#0"},
				"west": {"uv": [3.5, 13.6, 3.6, 13.9], "texture": "#0"},
				"up": {"uv": [3.5, 13.6, 3.3, 13.5], "texture": "#0"},
				"down": {"uv": [3.7, 13.5, 3.5, 13.6], "texture": "#0"}
			}
		},
		{
			"name": "Cube",
			"from": [12, 0, 12],
			"to": [14, 1, 15],
			"faces": {
				"north": {"uv": [1.3, 12.9, 1.5, 13], "texture": "#0"},
				"east": {"uv": [1, 12.9, 1.3, 13], "texture": "#0"},
				"south": {"uv": [1.8, 12.9, 2, 13], "texture": "#0"},
				"west": {"uv": [1.5, 12.9, 1.8, 13], "texture": "#0"},
				"up": {"uv": [1.5, 12.9, 1.3, 12.6], "texture": "#0"},
				"down": {"uv": [1.7, 12.6, 1.5, 12.9], "texture": "#0"}
			}
		},
		{
			"name": "Cube",
			"from": [2, 0, 12],
			"to": [4, 1, 15],
			"faces": {
				"north": {"uv": [2.3, 12.9, 2.5, 13], "texture": "#0"},
				"east": {"uv": [2, 12.9, 2.3, 13], "texture": "#0"},
				"south": {"uv": [2.8, 12.9, 3, 13], "texture": "#0"},
				"west": {"uv": [2.5, 12.9, 2.8, 13], "texture": "#0"},
				"up": {"uv": [2.5, 12.9, 2.3, 12.6], "texture": "#0"},
				"down": {"uv": [2.7, 12.6, 2.5, 12.9], "texture": "#0"}
			}
		},
		{
			"name": "Cube",
			"from": [2, 0, 1],
			"to": [4, 1, 4],
			"faces": {
				"north": {"uv": [2.5, 11.5, 2.7, 11.6], "texture": "#0"},
				"east": {"uv": [2.2, 11.5, 2.5, 11.6], "texture": "#0"},
				"south": {"uv": [3, 11.5, 3.2, 11.6], "texture": "#0"},
				"west": {"uv": [2.7, 11.5, 3, 11.6], "texture": "#0"},
				"up": {"uv": [2.7, 11.5, 2.5, 11.2], "texture": "#0"},
				"down": {"uv": [2.9, 11.2, 2.7, 11.5], "texture": "#0"}
			}
		},
		{
			"name": "Cube",
			"from": [2, 1, 4],
			"to": [4, 4, 5],
			"faces": {
				"north": {"uv": [3.7, 14, 3.9, 14.3], "texture": "#0"},
				"east": {"uv": [3.6, 14, 3.7, 14.3], "texture": "#0"},
				"south": {"uv": [4, 14, 4.2, 14.3], "texture": "#0"},
				"west": {"uv": [3.9, 14, 4, 14.3], "texture": "#0"},
				"up": {"uv": [3.9, 14, 3.7, 13.9], "texture": "#0"},
				"down": {"uv": [4.1, 13.9, 3.9, 14], "texture": "#0"}
			}
		},
		{
			"name": "Cube",
			"from": [2, 4, 1],
			"to": [4, 5, 4],
			"faces": {
				"north": {"uv": [3.5, 11.5, 3.7, 11.6], "texture": "#0"},
				"east": {"uv": [3.2, 11.5, 3.5, 11.6], "texture": "#0"},
				"south": {"uv": [4, 11.5, 4.2, 11.6], "texture": "#0"},
				"west": {"uv": [3.7, 11.5, 4, 11.6], "texture": "#0"},
				"up": {"uv": [3.7, 11.5, 3.5, 11.2], "texture": "#0"},
				"down": {"uv": [3.9, 11.2, 3.7, 11.5], "texture": "#0"}
			}
		},
		{
			"name": "Cube",
			"from": [2, 1, 0],
			"to": [4, 4, 1],
			"faces": {
				"north": {"uv": [3.1, 14, 3.3, 14.3], "texture": "#0"},
				"east": {"uv": [3, 14, 3.1, 14.3], "texture": "#0"},
				"south": {"uv": [3.4, 14, 3.6, 14.3], "texture": "#0"},
				"west": {"uv": [3.3, 14, 3.4, 14.3], "texture": "#0"},
				"up": {"uv": [3.3, 14, 3.1, 13.9], "texture": "#0"},
				"down": {"uv": [3.5, 13.9, 3.3, 14], "texture": "#0"}
			}
		},
		{
			"name": "Cube",
			"from": [0, 2, 2],
			"to": [16, 3, 3],
			"faces": {
				"north": {"uv": [2.5, 5.6, 4.1, 5.7], "texture": "#0"},
				"east": {"uv": [2.4, 5.6, 2.5, 5.7], "texture": "#0"},
				"south": {"uv": [4.2, 5.6, 5.8, 5.7], "texture": "#0"},
				"west": {"uv": [4.1, 5.6, 4.2, 5.7], "texture": "#0"},
				"up": {"uv": [4.1, 5.6, 2.5, 5.5], "texture": "#0"},
				"down": {"uv": [5.7, 5.5, 4.1, 5.6], "texture": "#0"}
			}
		},
		{
			"name": "Cube",
			"from": [4, 1, -1],
			"to": [4, 4, 0],
			"faces": {
				"north": {"uv": [2.1, 14.4, 2.1, 14.7], "texture": "#0"},
				"east": {"uv": [2, 14.4, 2.1, 14.7], "texture": "#0"},
				"south": {"uv": [2.2, 14.4, 2.2, 14.7], "texture": "#0"},
				"west": {"uv": [2.1, 14.4, 2.2, 14.7], "texture": "#0"},
				"up": {"uv": [2.1, 14.4, 2.1, 14.3], "texture": "#0"},
				"down": {"uv": [2.1, 14.3, 2.1, 14.4], "texture": "#0"}
			}
		},
		{
			"name": "Cube",
			"from": [4, 0, 0],
			"to": [4, 5, 5],
			"faces": {
				"north": {"uv": [4.7, 9.6, 4.7, 10.1], "texture": "#0"},
				"east": {"uv": [4.2, 9.6, 4.7, 10.1], "texture": "#0"},
				"south": {"uv": [5.2, 9.6, 5.2, 10.1], "texture": "#0"},
				"west": {"uv": [4.7, 9.6, 5.2, 10.1], "texture": "#0"},
				"up": {"uv": [4.7, 9.6, 4.7, 9.1], "texture": "#0"},
				"down": {"uv": [4.7, 9.1, 4.7, 9.6], "texture": "#0"}
			}
		},
		{
			"name": "Cube",
			"from": [4, 5, 1],
			"to": [4, 6, 4],
			"faces": {
				"north": {"uv": [2.5, 14.2, 2.5, 14.3], "texture": "#0"},
				"east": {"uv": [2.2, 14.2, 2.5, 14.3], "texture": "#0"},
				"south": {"uv": [2.8, 14.2, 2.8, 14.3], "texture": "#0"},
				"west": {"uv": [2.5, 14.2, 2.8, 14.3], "texture": "#0"},
				"up": {"uv": [2.5, 14.2, 2.5, 13.9], "texture": "#0"},
				"down": {"uv": [2.5, 13.9, 2.5, 14.2], "texture": "#0"}
			}
		},
		{
			"name": "Cube",
			"from": [4, -1, 1],
			"to": [4, 0, 4],
			"faces": {
				"north": {"uv": [1.7, 14.2, 1.7, 14.3], "texture": "#0"},
				"east": {"uv": [1.4, 14.2, 1.7, 14.3], "texture": "#0"},
				"south": {"uv": [2, 14.2, 2, 14.3], "texture": "#0"},
				"west": {"uv": [1.7, 14.2, 2, 14.3], "texture": "#0"},
				"up": {"uv": [1.7, 14.2, 1.7, 13.9], "texture": "#0"},
				"down": {"uv": [1.7, 13.9, 1.7, 14.2], "texture": "#0"}
			}
		},
		{
			"name": "Cube",
			"from": [4, 1, 5],
			"to": [4, 4, 6],
			"faces": {
				"north": {"uv": [2.9, 14.4, 2.9, 14.7], "texture": "#0"},
				"east": {"uv": [2.8, 14.4, 2.9, 14.7], "texture": "#0"},
				"south": {"uv": [3, 14.4, 3, 14.7], "texture": "#0"},
				"west": {"uv": [2.9, 14.4, 3, 14.7], "texture": "#0"},
				"up": {"uv": [2.9, 14.4, 2.9, 14.3], "texture": "#0"},
				"down": {"uv": [2.9, 14.3, 2.9, 14.4], "texture": "#0"}
			}
		},
		{
			"name": "Cube",
			"from": [12, 1, 5],
			"to": [12, 4, 6],
			"faces": {
				"north": {"uv": [3.7, 14.4, 3.7, 14.7], "texture": "#0"},
				"east": {"uv": [3.6, 14.4, 3.7, 14.7], "texture": "#0"},
				"south": {"uv": [3.8, 14.4, 3.8, 14.7], "texture": "#0"},
				"west": {"uv": [3.7, 14.4, 3.8, 14.7], "texture": "#0"},
				"up": {"uv": [3.7, 14.4, 3.7, 14.3], "texture": "#0"},
				"down": {"uv": [3.7, 14.3, 3.7, 14.4], "texture": "#0"}
			}
		},
		{
			"name": "Cube",
			"from": [12, 1, 4],
			"to": [14, 4, 5],
			"faces": {
				"north": {"uv": [0.9, 14, 1.1, 14.3], "texture": "#0"},
				"east": {"uv": [0.8, 14, 0.9, 14.3], "texture": "#0"},
				"south": {"uv": [1.2, 14, 1.4, 14.3], "texture": "#0"},
				"west": {"uv": [1.1, 14, 1.2, 14.3], "texture": "#0"},
				"up": {"uv": [1.1, 14, 0.9, 13.9], "texture": "#0"},
				"down": {"uv": [1.3, 13.9, 1.1, 14], "texture": "#0"}
			}
		},
		{
			"name": "Cube",
			"from": [12, 4, 1],
			"to": [14, 5, 4],
			"faces": {
				"north": {"uv": [3.3, 12.9, 3.5, 13], "texture": "#0"},
				"east": {"uv": [3, 12.9, 3.3, 13], "texture": "#0"},
				"south": {"uv": [3.8, 12.9, 4, 13], "texture": "#0"},
				"west": {"uv": [3.5, 12.9, 3.8, 13], "texture": "#0"},
				"up": {"uv": [3.5, 12.9, 3.3, 12.6], "texture": "#0"},
				"down": {"uv": [3.7, 12.6, 3.5, 12.9], "texture": "#0"}
			}
		},
		{
			"name": "Cube",
			"from": [12, 5, 1],
			"to": [12, 6, 4],
			"faces": {
				"north": {"uv": [0.3, 14.2, 0.3, 14.3], "texture": "#0"},
				"east": {"uv": [0, 14.2, 0.3, 14.3], "texture": "#0"},
				"south": {"uv": [0.6, 14.2, 0.6, 14.3], "texture": "#0"},
				"west": {"uv": [0.3, 14.2, 0.6, 14.3], "texture": "#0"},
				"up": {"uv": [0.3, 14.2, 0.3, 13.9], "texture": "#0"},
				"down": {"uv": [0.3, 13.9, 0.3, 14.2], "texture": "#0"}
			}
		},
		{
			"name": "Cube",
			"from": [12, 0, 0],
			"to": [12, 5, 5],
			"faces": {
				"north": {"uv": [3.5, 9.6, 3.5, 10.1], "texture": "#0"},
				"east": {"uv": [3, 9.6, 3.5, 10.1], "texture": "#0"},
				"south": {"uv": [4, 9.6, 4, 10.1], "texture": "#0"},
				"west": {"uv": [3.5, 9.6, 4, 10.1], "texture": "#0"},
				"up": {"uv": [3.5, 9.6, 3.5, 9.1], "texture": "#0"},
				"down": {"uv": [3.5, 9.1, 3.5, 9.6], "texture": "#0"}
			}
		},
		{
			"name": "Cube",
			"from": [12, 1, -1],
			"to": [12, 4, 0],
			"faces": {
				"north": {"uv": [1.7, 14.4, 1.7, 14.7], "texture": "#0"},
				"east": {"uv": [1.6, 14.4, 1.7, 14.7], "texture": "#0"},
				"south": {"uv": [1.8, 14.4, 1.8, 14.7], "texture": "#0"},
				"west": {"uv": [1.7, 14.4, 1.8, 14.7], "texture": "#0"},
				"up": {"uv": [1.7, 14.4, 1.7, 14.3], "texture": "#0"},
				"down": {"uv": [1.7, 14.3, 1.7, 14.4], "texture": "#0"}
			}
		},
		{
			"name": "Cube",
			"from": [12, -1, 1],
			"to": [12, 0, 4],
			"faces": {
				"north": {"uv": [4.3, 13.8, 4.3, 13.9], "texture": "#0"},
				"east": {"uv": [4, 13.8, 4.3, 13.9], "texture": "#0"},
				"south": {"uv": [4.6, 13.8, 4.6, 13.9], "texture": "#0"},
				"west": {"uv": [4.3, 13.8, 4.6, 13.9], "texture": "#0"},
				"up": {"uv": [4.3, 13.8, 4.3, 13.5], "texture": "#0"},
				"down": {"uv": [4.3, 13.5, 4.3, 13.8], "texture": "#0"}
			}
		},
		{
			"name": "Cube",
			"from": [12, 1, 0],
			"to": [14, 4, 1],
			"faces": {
				"north": {"uv": [4.3, 14, 4.5, 14.3], "texture": "#0"},
				"east": {"uv": [4.2, 14, 4.3, 14.3], "texture": "#0"},
				"south": {"uv": [4.6, 14, 4.8, 14.3], "texture": "#0"},
				"west": {"uv": [4.5, 14, 4.6, 14.3], "texture": "#0"},
				"up": {"uv": [4.5, 14, 4.3, 13.9], "texture": "#0"},
				"down": {"uv": [4.7, 13.9, 4.5, 14], "texture": "#0"}
			}
		},
		{
			"name": "Cube",
			"from": [12, 0, 1],
			"to": [14, 1, 4],
			"faces": {
				"north": {"uv": [3.5, 12.3, 3.7, 12.4], "texture": "#0"},
				"east": {"uv": [3.2, 12.3, 3.5, 12.4], "texture": "#0"},
				"south": {"uv": [4, 12.3, 4.2, 12.4], "texture": "#0"},
				"west": {"uv": [3.7, 12.3, 4, 12.4], "texture": "#0"},
				"up": {"uv": [3.7, 12.3, 3.5, 12], "texture": "#0"},
				"down": {"uv": [3.9, 12, 3.7, 12.3], "texture": "#0"}
			}
		},
		{
			"name": "Cube",
			"from": [2, 0, 1],
			"to": [4, 1, 4],
			"faces": {
				"north": {"uv": [0.3, 12.9, 0.5, 13], "texture": "#0"},
				"east": {"uv": [0, 12.9, 0.3, 13], "texture": "#0"},
				"south": {"uv": [0.8, 12.9, 1, 13], "texture": "#0"},
				"west": {"uv": [0.5, 12.9, 0.8, 13], "texture": "#0"},
				"up": {"uv": [0.5, 12.9, 0.3, 12.6], "texture": "#0"},
				"down": {"uv": [0.7, 12.6, 0.5, 12.9], "texture": "#0"}
			}
		}
	],
	"display": {
		"thirdperson_righthand": {
			"rotation": [68, 162, 0],
			"translation": [0, -4.5, -7.5]
		}
	},
	"groups": [
		{
			"name": "Rahmen",
			"children": [0, 1, 2, 3, 4, 5, 6, 7, 8, 9, 10, 11, 12, 13, 14, 15, 16, 17, 18, 19, 20, 21, 22, 23, 24, 25, 26, 27, 28, 29, 30, 31, 32, 33, 34, 35, 36, 37, 38, 39, 40, 41, 42, 43, 44, 45, 46, 47, 48, 49, 50, 51, 52]
		},
		{
			"name": "Achse",
			"children": [53, 54, 55, 56, 57, 58, 59, 60, 61, 62, 63, 64, 65, 66, 67, 68, 69, 70, 71, 72]
		},
		{
			"name": "Achse",
			"children": [73, 74, 75, 76, 77, 78, 79, 80, 81, 82, 83, 84, 85, 86, 87, 88, 89, 90, 91, 92]
		}
	]
}