{
	"credit": "Made with Blockbench",
	"textures": {
		"0": "Feldbahn Mod/Switch",
		"particle": "Feldbahn Mod/Switch"
	},
	"elements": [
		{
			"from": [-58, 0, 64],
			"to": [-54, 1, 80],
			"rotation": {"angle": 50, "axis": "y", "origin": [-56, 0.5, 8]},
			"faces": {
				"north": {"uv": [8, 2.28571, 8.57143, 2.42857], "texture": "#0"},
				"east": {"uv": [5.71429, 2.28571, 8, 2.42857], "texture": "#0"},
				"south": {"uv": [10.85714, 2.28571, 11.42857, 2.42857], "texture": "#0"},
				"west": {"uv": [8.57143, 2.28571, 10.85714, 2.42857], "texture": "#0"},
				"up": {"uv": [8.57143, 2.28571, 8, 0], "texture": "#0"},
				"down": {"uv": [9.14286, 0, 8.57143, 2.28571], "texture": "#0"}
			}
		},
		{
			"from": [-58, 0, 64],
			"to": [-54, 1, 80],
			"rotation": {"angle": 60, "axis": "y", "origin": [-56, 0.5, 8]},
			"faces": {
				"north": {"uv": [2.28571, 2.28571, 2.85714, 2.42857], "texture": "#0"},
				"east": {"uv": [0, 2.28571, 2.28571, 2.42857], "texture": "#0"},
				"south": {"uv": [5.14286, 2.28571, 5.71429, 2.42857], "texture": "#0"},
				"west": {"uv": [2.85714, 2.28571, 5.14286, 2.42857], "texture": "#0"},
				"up": {"uv": [2.85714, 2.28571, 2.28571, 0], "texture": "#0"},
				"down": {"uv": [3.42857, 0, 2.85714, 2.28571], "texture": "#0"}
			}
		},
		{
			"from": [-58, 0, 64],
			"to": [-54, 1, 80],
			"rotation": {"angle": 70, "axis": "y", "origin": [-56, 0.5, 8]},
			"faces": {
				"north": {"uv": [2.28571, 9.57143, 2.85714, 9.71429], "texture": "#0"},
				"east": {"uv": [0, 9.57143, 2.28571, 9.71429], "texture": "#0"},
				"south": {"uv": [5.14286, 9.57143, 5.71429, 9.71429], "texture": "#0"},
				"west": {"uv": [2.85714, 9.57143, 5.14286, 9.71429], "texture": "#0"},
				"up": {"uv": [2.85714, 9.57143, 2.28571, 7.28571], "texture": "#0"},
				"down": {"uv": [3.42857, 7.28571, 2.85714, 9.57143], "texture": "#0"}
			}
		},
		{
			"from": [-58, 0, 64],
			"to": [-54, 1, 80],
			"rotation": {"angle": 80, "axis": "y", "origin": [-56, 0.5, 8]},
			"faces": {
				"north": {"uv": [2.28571, 4.71429, 2.85714, 4.85714], "texture": "#0"},
				"east": {"uv": [0, 4.71429, 2.28571, 4.85714], "texture": "#0"},
				"south": {"uv": [5.14286, 4.71429, 5.71429, 4.85714], "texture": "#0"},
				"west": {"uv": [2.85714, 4.71429, 5.14286, 4.85714], "texture": "#0"},
				"up": {"uv": [2.85714, 4.71429, 2.28571, 2.42857], "texture": "#0"},
				"down": {"uv": [3.42857, 2.42857, 2.85714, 4.71429], "texture": "#0"}
			}
		},
		{
			"from": [-58, 0, 64],
			"to": [-54, 1, 80],
			"rotation": {"angle": 90, "axis": "y", "origin": [-56, 0.5, 8]},
			"faces": {
				"north": {"uv": [8, 4.71429, 8.57143, 4.85714], "texture": "#0"},
				"east": {"uv": [5.71429, 4.71429, 8, 4.85714], "texture": "#0"},
				"south": {"uv": [10.85714, 4.71429, 11.42857, 4.85714], "texture": "#0"},
				"west": {"uv": [8.57143, 4.71429, 10.85714, 4.85714], "texture": "#0"},
				"up": {"uv": [8.57143, 4.71429, 8, 2.42857], "texture": "#0"},
				"down": {"uv": [9.14286, 2.42857, 8.57143, 4.71429], "texture": "#0"}
			}
		},
		{
			"from": [-59, 1, 67],
			"to": [-48, 3, 68],
			"rotation": {"angle": 90, "axis": "y", "origin": [-56, 0.5, 8]},
			"faces": {
				"north": {"uv": [9.57143, 9.85714, 11.14286, 10.14286], "texture": "#0"},
				"east": {"uv": [9.42857, 9.85714, 9.57143, 10.14286], "texture": "#0"},
				"south": {"uv": [11.28571, 9.85714, 12.85714, 10.14286], "texture": "#0"},
				"west": {"uv": [11.14286, 9.85714, 11.28571, 10.14286], "texture": "#0"},
				"up": {"uv": [11.14286, 9.85714, 9.57143, 9.71429], "texture": "#0"},
				"down": {"uv": [12.71429, 9.71429, 11.14286, 9.85714], "texture": "#0"}
			}
		},
		{
			"from": [-64, 1, 76],
			"to": [-48, 3, 77],
			"rotation": {"angle": 90, "axis": "y", "origin": [-56, 0.5, 8]},
			"faces": {
				"north": {"uv": [5.85714, 7.42857, 8.14286, 7.71429], "texture": "#0"},
				"east": {"uv": [5.71429, 7.42857, 5.85714, 7.71429], "texture": "#0"},
				"south": {"uv": [8.28571, 7.42857, 10.57143, 7.71429], "texture": "#0"},
				"west": {"uv": [8.14286, 7.42857, 8.28571, 7.71429], "texture": "#0"},
				"up": {"uv": [8.14286, 7.42857, 5.85714, 7.28571], "texture": "#0"},
				"down": {"uv": [10.42857, 7.28571, 8.14286, 7.42857], "texture": "#0"}
			}
		},
		{
			"from": [-59, 1, 67],
			"to": [-53, 3, 68],
			"rotation": {"angle": 80, "axis": "y", "origin": [-56, 0.5, 8]},
			"faces": {
				"north": {"uv": [2.14286, 10.71429, 3, 11], "texture": "#0"},
				"east": {"uv": [2, 10.71429, 2.14286, 11], "texture": "#0"},
				"south": {"uv": [3.14286, 10.71429, 4, 11], "texture": "#0"},
				"west": {"uv": [3, 10.71429, 3.14286, 11], "texture": "#0"},
				"up": {"uv": [3, 10.71429, 2.14286, 10.57143], "texture": "#0"},
				"down": {"uv": [3.85714, 10.57143, 3, 10.71429], "texture": "#0"}
			}
		},
		{
			"from": [-59, 1, 67],
			"to": [-53, 3, 68],
			"rotation": {"angle": 70, "axis": "y", "origin": [-56, 0.5, 8]},
			"faces": {
				"north": {"uv": [6.14286, 10.71429, 7, 11], "texture": "#0"},
				"east": {"uv": [6, 10.71429, 6.14286, 11], "texture": "#0"},
				"south": {"uv": [7.14286, 10.71429, 8, 11], "texture": "#0"},
				"west": {"uv": [7, 10.71429, 7.14286, 11], "texture": "#0"},
				"up": {"uv": [7, 10.71429, 6.14286, 10.57143], "texture": "#0"},
				"down": {"uv": [7.85714, 10.57143, 7, 10.71429], "texture": "#0"}
			}
		},
		{
			"from": [-59, 1, 76],
			"to": [-53, 3, 77],
			"rotation": {"angle": 70, "axis": "y", "origin": [-56, 0.5, 8]},
			"faces": {
				"north": {"uv": [8.14286, 10.71429, 9, 11], "texture": "#0"},
				"east": {"uv": [8, 10.71429, 8.14286, 11], "texture": "#0"},
				"south": {"uv": [9.14286, 10.71429, 10, 11], "texture": "#0"},
				"west": {"uv": [9, 10.71429, 9.14286, 11], "texture": "#0"},
				"up": {"uv": [9, 10.71429, 8.14286, 10.57143], "texture": "#0"},
				"down": {"uv": [9.85714, 10.57143, 9, 10.71429], "texture": "#0"}
			}
		},
		{
			"from": [-59, 1, 76],
			"to": [-56, 3, 77],
			"rotation": {"angle": 60, "axis": "y", "origin": [-56, 0.5, 8]},
			"faces": {
				"north": {"uv": [0.14286, 11.57143, 0.57143, 11.85714], "texture": "#0"},
				"east": {"uv": [0, 11.57143, 0.14286, 11.85714], "texture": "#0"},
				"south": {"uv": [0.71429, 11.57143, 1.14286, 11.85714], "texture": "#0"},
				"west": {"uv": [0.57143, 11.57143, 0.71429, 11.85714], "texture": "#0"},
				"up": {"uv": [0.57143, 11.57143, 0.14286, 11.42857], "texture": "#0"},
				"down": {"uv": [1, 11.42857, 0.57143, 11.57143], "texture": "#0"}
			}
		},
		{
			"from": [-59, 1, 67],
			"to": [-53, 3, 68],
			"rotation": {"angle": 60, "axis": "y", "origin": [-56, 0.5, 8]},
			"faces": {
				"north": {"uv": [12.14286, 10.71429, 13, 11], "texture": "#0"},
				"east": {"uv": [12, 10.71429, 12.14286, 11], "texture": "#0"},
				"south": {"uv": [13.14286, 10.71429, 14, 11], "texture": "#0"},
				"west": {"uv": [13, 10.71429, 13.14286, 11], "texture": "#0"},
				"up": {"uv": [13, 10.71429, 12.14286, 10.57143], "texture": "#0"},
				"down": {"uv": [13.85714, 10.57143, 13, 10.71429], "texture": "#0"}
			}
		},
		{
			"from": [-59, 1, 76],
			"to": [-53, 3, 77],
			"rotation": {"angle": 50, "axis": "y", "origin": [-56, 0.5, 8]},
			"faces": {
				"north": {"uv": [2.14286, 11.14286, 3, 11.42857], "texture": "#0"},
				"east": {"uv": [2, 11.14286, 2.14286, 11.42857], "texture": "#0"},
				"south": {"uv": [3.14286, 11.14286, 4, 11.42857], "texture": "#0"},
				"west": {"uv": [3, 11.14286, 3.14286, 11.42857], "texture": "#0"},
				"up": {"uv": [3, 11.14286, 2.14286, 11], "texture": "#0"},
				"down": {"uv": [3.85714, 11, 3, 11.14286], "texture": "#0"}
			}
		},
		{
			"from": [-59, 1, 67],
			"to": [-53, 3, 68],
			"rotation": {"angle": 50, "axis": "y", "origin": [-56, 0.5, 8]},
			"faces": {
				"north": {"uv": [4.14286, 11.14286, 5, 11.42857], "texture": "#0"},
				"east": {"uv": [4, 11.14286, 4.14286, 11.42857], "texture": "#0"},
				"south": {"uv": [5.14286, 11.14286, 6, 11.42857], "texture": "#0"},
				"west": {"uv": [5, 11.14286, 5.14286, 11.42857], "texture": "#0"},
				"up": {"uv": [5, 11.14286, 4.14286, 11], "texture": "#0"},
				"down": {"uv": [5.85714, 11, 5, 11.14286], "texture": "#0"}
			}
		},
		{
			"from": [-59, 1, 76],
			"to": [-53, 3, 77],
			"rotation": {"angle": 45, "axis": "y", "origin": [-56, 0.5, 8]},
			"faces": {
				"north": {"uv": [2.42857, 10.28571, 3.28571, 10.57143], "texture": "#0"},
				"east": {"uv": [2.28571, 10.28571, 2.42857, 10.57143], "texture": "#0"},
				"south": {"uv": [3.42857, 10.28571, 4.28571, 10.57143], "texture": "#0"},
				"west": {"uv": [3.28571, 10.28571, 3.42857, 10.57143], "texture": "#0"},
				"up": {"uv": [3.28571, 10.28571, 2.42857, 10.14286], "texture": "#0"},
				"down": {"uv": [4.14286, 10.14286, 3.28571, 10.28571], "texture": "#0"}
			}
		},
		{
			"from": [-59, 1, 67],
			"to": [-53, 3, 68],
			"rotation": {"angle": 45, "axis": "y", "origin": [-56, 0.5, 8]},
			"faces": {
				"north": {"uv": [4.42857, 10.28571, 5.28571, 10.57143], "texture": "#0"},
				"east": {"uv": [4.28571, 10.28571, 4.42857, 10.57143], "texture": "#0"},
				"south": {"uv": [5.42857, 10.28571, 6.28571, 10.57143], "texture": "#0"},
				"west": {"uv": [5.28571, 10.28571, 5.42857, 10.57143], "texture": "#0"},
				"up": {"uv": [5.28571, 10.28571, 4.42857, 10.14286], "texture": "#0"},
				"down": {"uv": [6.14286, 10.14286, 5.28571, 10.28571], "texture": "#0"}
			}
		},
		{
			"from": [-59, 1, 76],
			"to": [-53, 3, 77],
			"rotation": {"angle": 55, "axis": "y", "origin": [-56, 0.5, 8]},
			"faces": {
				"north": {"uv": [6.42857, 10.28571, 7.28571, 10.57143], "texture": "#0"},
				"east": {"uv": [6.28571, 10.28571, 6.42857, 10.57143], "texture": "#0"},
				"south": {"uv": [7.42857, 10.28571, 8.28571, 10.57143], "texture": "#0"},
				"west": {"uv": [7.28571, 10.28571, 7.42857, 10.57143], "texture": "#0"},
				"up": {"uv": [7.28571, 10.28571, 6.42857, 10.14286], "texture": "#0"},
				"down": {"uv": [8.14286, 10.14286, 7.28571, 10.28571], "texture": "#0"}
			}
		},
		{
			"from": [-59, 1, 67],
			"to": [-53, 3, 68],
			"rotation": {"angle": 55, "axis": "y", "origin": [-56, 0.5, 8]},
			"faces": {
				"north": {"uv": [8.42857, 10.28571, 9.28571, 10.57143], "texture": "#0"},
				"east": {"uv": [8.28571, 10.28571, 8.42857, 10.57143], "texture": "#0"},
				"south": {"uv": [9.42857, 10.28571, 10.28571, 10.57143], "texture": "#0"},
				"west": {"uv": [9.28571, 10.28571, 9.42857, 10.57143], "texture": "#0"},
				"up": {"uv": [9.28571, 10.28571, 8.42857, 10.14286], "texture": "#0"},
				"down": {"uv": [10.14286, 10.14286, 9.28571, 10.28571], "texture": "#0"}
			}
		},
		{
			"from": [-57.5, 1, 76],
			"to": [-53, 3, 77],
			"rotation": {"angle": 65, "axis": "y", "origin": [-56, 0.5, 8]},
			"faces": {
				"north": {"uv": [12.14286, 11.14286, 12.71429, 11.42857], "texture": "#0"},
				"east": {"uv": [12, 11.14286, 12.14286, 11.42857], "texture": "#0"},
				"south": {"uv": [12.85714, 11.14286, 13.42857, 11.42857], "texture": "#0"},
				"west": {"uv": [12.71429, 11.14286, 12.85714, 11.42857], "texture": "#0"},
				"up": {"uv": [12.71429, 11.14286, 12.14286, 11], "texture": "#0"},
				"down": {"uv": [13.28571, 11, 12.71429, 11.14286], "texture": "#0"}
			}
		},
		{
			"from": [-59, 1, 67],
			"to": [-53, 3, 68],
			"rotation": {"angle": 65, "axis": "y", "origin": [-56, 0.5, 8]},
			"faces": {
				"north": {"uv": [12.42857, 10.28571, 13.28571, 10.57143], "texture": "#0"},
				"east": {"uv": [12.28571, 10.28571, 12.42857, 10.57143], "texture": "#0"},
				"south": {"uv": [13.42857, 10.28571, 14.28571, 10.57143], "texture": "#0"},
				"west": {"uv": [13.28571, 10.28571, 13.42857, 10.57143], "texture": "#0"},
				"up": {"uv": [13.28571, 10.28571, 12.42857, 10.14286], "texture": "#0"},
				"down": {"uv": [14.14286, 10.14286, 13.28571, 10.28571], "texture": "#0"}
			}
		},
		{
			"from": [-59, 1, 76],
			"to": [-53, 3, 77],
			"rotation": {"angle": 75, "axis": "y", "origin": [-56, 0.5, 8]},
			"faces": {
				"north": {"uv": [0.14286, 10.71429, 1, 11], "texture": "#0"},
				"east": {"uv": [0, 10.71429, 0.14286, 11], "texture": "#0"},
				"south": {"uv": [1.14286, 10.71429, 2, 11], "texture": "#0"},
				"west": {"uv": [1, 10.71429, 1.14286, 11], "texture": "#0"},
				"up": {"uv": [1, 10.71429, 0.14286, 10.57143], "texture": "#0"},
				"down": {"uv": [1.85714, 10.57143, 1, 10.71429], "texture": "#0"}
			}
		},
		{
			"from": [-59, 1, 67],
			"to": [-53, 3, 68],
			"rotation": {"angle": 75, "axis": "y", "origin": [-56, 0.5, 8]},
			"faces": {
				"north": {"uv": [10.14286, 11.14286, 11, 11.42857], "texture": "#0"},
				"east": {"uv": [10, 11.14286, 10.14286, 11.42857], "texture": "#0"},
				"south": {"uv": [11.14286, 11.14286, 12, 11.42857], "texture": "#0"},
				"west": {"uv": [11, 11.14286, 11.14286, 11.42857], "texture": "#0"},
				"up": {"uv": [11, 11.14286, 10.14286, 11], "texture": "#0"},
				"down": {"uv": [11.85714, 11, 11, 11.14286], "texture": "#0"}
			}
		},
		{
			"from": [-59, 1, 67],
			"to": [-53, 3, 68],
			"rotation": {"angle": 85, "axis": "y", "origin": [-56, 0.5, 8]},
			"faces": {
				"north": {"uv": [4.14286, 10.71429, 5, 11], "texture": "#0"},
				"east": {"uv": [4, 10.71429, 4.14286, 11], "texture": "#0"},
				"south": {"uv": [5.14286, 10.71429, 6, 11], "texture": "#0"},
				"west": {"uv": [5, 10.71429, 5.14286, 11], "texture": "#0"},
				"up": {"uv": [5, 10.71429, 4.14286, 10.57143], "texture": "#0"},
				"down": {"uv": [5.85714, 10.57143, 5, 10.71429], "texture": "#0"}
			}
		},
		{
			"from": [-74, 0, 64],
			"to": [-70, 1, 80],
			"rotation": {"angle": 90, "axis": "y", "origin": [-56, 0.5, 8]},
			"faces": {
				"north": {"uv": [8, 7.14286, 8.57143, 7.28571], "texture": "#0"},
				"east": {"uv": [5.71429, 7.14286, 8, 7.28571], "texture": "#0"},
				"south": {"uv": [10.85714, 7.14286, 11.42857, 7.28571], "texture": "#0"},
				"west": {"uv": [8.57143, 7.14286, 10.85714, 7.28571], "texture": "#0"},
				"up": {"uv": [8.57143, 7.14286, 8, 4.85714], "texture": "#0"},
				"down": {"uv": [9.14286, 4.85714, 8.57143, 7.14286], "texture": "#0"}
			}
		},
		{
			"from": [-80, 1, 76],
			"to": [-64, 3, 77],
			"rotation": {"angle": 90, "axis": "y", "origin": [-56, 0.5, 8]},
			"faces": {
				"north": {"uv": [5.85714, 7.85714, 8.14286, 8.14286], "texture": "#0"},
				"east": {"uv": [5.71429, 7.85714, 5.85714, 8.14286], "texture": "#0"},
				"south": {"uv": [8.28571, 7.85714, 10.57143, 8.14286], "texture": "#0"},
				"west": {"uv": [8.14286, 7.85714, 8.28571, 8.14286], "texture": "#0"},
				"up": {"uv": [8.14286, 7.85714, 5.85714, 7.71429], "texture": "#0"},
				"down": {"uv": [10.42857, 7.71429, 8.14286, 7.85714], "texture": "#0"}
			}
		},
		{
			"from": [-90, 0, 64],
			"to": [-86, 1, 80],
			"rotation": {"angle": 90, "axis": "y", "origin": [-56, 0.5, 8]},
			"faces": {
				"north": {"uv": [2.28571, 7.14286, 2.85714, 7.28571], "texture": "#0"},
				"east": {"uv": [0, 7.14286, 2.28571, 7.28571], "texture": "#0"},
				"south": {"uv": [5.14286, 7.14286, 5.71429, 7.28571], "texture": "#0"},
				"west": {"uv": [2.85714, 7.14286, 5.14286, 7.28571], "texture": "#0"},
				"up": {"uv": [2.85714, 7.14286, 2.28571, 4.85714], "texture": "#0"},
				"down": {"uv": [3.42857, 4.85714, 2.85714, 7.14286], "texture": "#0"}
			}
		},
		{
			"from": [-96, 1, 76],
			"to": [-80, 3, 77],
			"rotation": {"angle": 90, "axis": "y", "origin": [-56, 0.5, 8]},
			"faces": {
				"north": {"uv": [0.14286, 9.85714, 2.42857, 10.14286], "texture": "#0"},
				"east": {"uv": [0, 9.85714, 0.14286, 10.14286], "texture": "#0"},
				"south": {"uv": [2.57143, 9.85714, 4.85714, 10.14286], "texture": "#0"},
				"west": {"uv": [2.42857, 9.85714, 2.57143, 10.14286], "texture": "#0"},
				"up": {"uv": [2.42857, 9.85714, 0.14286, 9.71429], "texture": "#0"},
				"down": {"uv": [4.71429, 9.71429, 2.42857, 9.85714], "texture": "#0"}
			}
		},
		{
			"from": [-96, 1, 67],
			"to": [-90, 3, 68],
			"rotation": {"angle": 90, "axis": "y", "origin": [-56, 0.5, 8]},
			"faces": {
				"north": {"uv": [0.14286, 11.14286, 1, 11.42857], "texture": "#0"},
				"east": {"uv": [0, 11.14286, 0.14286, 11.42857], "texture": "#0"},
				"south": {"uv": [1.14286, 11.14286, 2, 11.42857], "texture": "#0"},
				"west": {"uv": [1, 11.14286, 1.14286, 11.42857], "texture": "#0"},
				"up": {"uv": [1, 11.14286, 0.14286, 11], "texture": "#0"},
				"down": {"uv": [1.85714, 11, 1, 11.14286], "texture": "#0"}
			}
		},
		{
			"from": [-86, 1, 67],
			"to": [-71, 3, 68],
			"rotation": {"angle": 90, "axis": "y", "origin": [-56, 0.5, 8]},
			"faces": {
				"north": {"uv": [5, 9.85714, 7.14286, 10.14286], "texture": "#0"},
				"east": {"uv": [4.85714, 9.85714, 5, 10.14286], "texture": "#0"},
				"south": {"uv": [7.28571, 9.85714, 9.42857, 10.14286], "texture": "#0"},
				"west": {"uv": [7.14286, 9.85714, 7.28571, 10.14286], "texture": "#0"},
				"up": {"uv": [7.14286, 9.85714, 5, 9.71429], "texture": "#0"},
				"down": {"uv": [9.28571, 9.71429, 7.14286, 9.85714], "texture": "#0"}
			}
		},
		{
			"from": [-59, 1, 74],
			"to": [-52, 3, 75],
			"rotation": {"angle": 60, "axis": "y", "origin": [-56, 0.5, 8]},
			"faces": {
				"north": {"uv": [0.14286, 10.28571, 1.14286, 10.57143], "texture": "#0"},
				"east": {"uv": [0, 10.28571, 0.14286, 10.57143], "texture": "#0"},
				"south": {"uv": [1.28571, 10.28571, 2.28571, 10.57143], "texture": "#0"},
				"west": {"uv": [1.14286, 10.28571, 1.28571, 10.57143], "texture": "#0"},
				"up": {"uv": [1.14286, 10.28571, 0.14286, 10.14286], "texture": "#0"},
				"down": {"uv": [2.14286, 10.14286, 1.14286, 10.28571], "texture": "#0"}
			}
		},
		{
			"from": [-92, 1, 69],
			"to": [-86, 3, 70],
			"rotation": {"angle": 90, "axis": "y", "origin": [-56, 0.5, 8]},
			"faces": {
				"north": {"uv": [6.14286, 11.14286, 7, 11.42857], "texture": "#0"},
				"east": {"uv": [6, 11.14286, 6.14286, 11.42857], "texture": "#0"},
				"south": {"uv": [7.14286, 11.14286, 8, 11.42857], "texture": "#0"},
				"west": {"uv": [7, 11.14286, 7.14286, 11.42857], "texture": "#0"},
				"up": {"uv": [7, 11.14286, 6.14286, 11], "texture": "#0"},
				"down": {"uv": [7.85714, 11, 7, 11.14286], "texture": "#0"}
			}
		},
		{
			"from": [-59, 1, 69],
			"to": [-53, 3, 70],
			"rotation": {"angle": 60, "axis": "y", "origin": [-56, 0.5, 8]},
			"faces": {
				"north": {"uv": [8.14286, 11.14286, 9, 11.42857], "texture": "#0"},
				"east": {"uv": [8, 11.14286, 8.14286, 11.42857], "texture": "#0"},
				"south": {"uv": [9.14286, 11.14286, 10, 11.42857], "texture": "#0"},
				"west": {"uv": [9, 11.14286, 9.14286, 11.42857], "texture": "#0"},
				"up": {"uv": [9, 11.14286, 8.14286, 11], "texture": "#0"},
				"down": {"uv": [9.85714, 11, 9, 11.14286], "texture": "#0"}
			}
		},
		{
			"from": [-92, 1, 74],
			"to": [-85, 3, 75],
			"rotation": {"angle": 90, "axis": "y", "origin": [-56, 0.5, 8]},
			"faces": {
				"north": {"uv": [13, 9.85714, 14, 10.14286], "texture": "#0"},
				"east": {"uv": [12.85714, 9.85714, 13, 10.14286], "texture": "#0"},
				"south": {"uv": [14.14286, 9.85714, 15.14286, 10.14286], "texture": "#0"},
				"west": {"uv": [14, 9.85714, 14.14286, 10.14286], "texture": "#0"},
				"up": {"uv": [14, 9.85714, 13, 9.71429], "texture": "#0"},
				"down": {"uv": [15, 9.71429, 14, 9.85714], "texture": "#0"}
			}
		},
		{
			"from": [-59, 1, 69],
			"to": [-57, 3, 70],
			"rotation": {"angle": 65, "axis": "y", "origin": [-56, 0.5, 8]},
			"faces": {
				"north": {"uv": [1.28571, 11.57143, 1.57143, 11.85714], "texture": "#0"},
				"east": {"uv": [1.14286, 11.57143, 1.28571, 11.85714], "texture": "#0"},
				"south": {"uv": [1.71429, 11.57143, 2, 11.85714], "texture": "#0"},
				"west": {"uv": [1.57143, 11.57143, 1.71429, 11.85714], "texture": "#0"},
				"up": {"uv": [1.57143, 11.57143, 1.28571, 11.42857], "texture": "#0"},
				"down": {"uv": [1.85714, 11.42857, 1.57143, 11.57143], "texture": "#0"}
			}
		},
		{
			"from": [3, 1, 44],
			"to": [5, 3, 45],
			"rotation": {"angle": 120, "axis": "y", "origin": [5, 2, 44]},
			"faces": {
				"north": {"uv": [2.14286, 11.57143, 2.42857, 11.85714], "texture": "#0"},
				"east": {"uv": [2, 11.57143, 2.14286, 11.85714], "texture": "#0"},
				"south": {"uv": [2.57143, 11.57143, 2.85714, 11.85714], "texture": "#0"},
				"west": {"uv": [2.42857, 11.57143, 2.57143, 11.85714], "texture": "#0"},
				"up": {"uv": [2.42857, 11.57143, 2.14286, 11.42857], "texture": "#0"},
				"down": {"uv": [2.71429, 11.42857, 2.42857, 11.57143], "texture": "#0"}
			}
		},
		{
			"from": [11, 1, 36],
			"to": [13, 3, 37],
			"rotation": {"angle": 120, "axis": "y", "origin": [11, 2, 37]},
			"faces": {
				"north": {"uv": [3, 11.57143, 3.28571, 11.85714], "texture": "#0"},
				"east": {"uv": [2.85714, 11.57143, 3, 11.85714], "texture": "#0"},
				"south": {"uv": [3.42857, 11.57143, 3.71429, 11.85714], "texture": "#0"},
				"west": {"uv": [3.28571, 11.57143, 3.42857, 11.85714], "texture": "#0"},
				"up": {"uv": [3.28571, 11.57143, 3, 11.42857], "texture": "#0"},
				"down": {"uv": [3.57143, 11.42857, 3.28571, 11.57143], "texture": "#0"}
			}
		},
		{
			"from": [9, 1, 43],
			"to": [11, 3, 44],
			"rotation": {"angle": 60, "axis": "y", "origin": [11, 2, 44]},
			"faces": {
				"north": {"uv": [3.85714, 11.57143, 4.14286, 11.85714], "texture": "#0"},
				"east": {"uv": [3.71429, 11.57143, 3.85714, 11.85714], "texture": "#0"},
				"south": {"uv": [4.28571, 11.57143, 4.57143, 11.85714], "texture": "#0"},
				"west": {"uv": [4.14286, 11.57143, 4.28571, 11.85714], "texture": "#0"},
				"up": {"uv": [4.14286, 11.57143, 3.85714, 11.42857], "texture": "#0"},
				"down": {"uv": [4.42857, 11.42857, 4.14286, 11.57143], "texture": "#0"}
			}
		},
		{
			"from": [-1.13784, 1, 34.68602],
			"to": [0.86216, 3, 35.68602],
			"rotation": {"angle": 50, "axis": "y", "origin": [-1.13784, 2, 34.68602]},
			"faces": {
				"north": {"uv": [4.71429, 11.57143, 5, 11.85714], "texture": "#0"},
				"east": {"uv": [4.57143, 11.57143, 4.71429, 11.85714], "texture": "#0"},
				"south": {"uv": [5.14286, 11.57143, 5.42857, 11.85714], "texture": "#0"},
				"west": {"uv": [5, 11.57143, 5.14286, 11.85714], "texture": "#0"},
				"up": {"uv": [5, 11.57143, 4.71429, 11.42857], "texture": "#0"},
				"down": {"uv": [5.28571, 11.42857, 5, 11.57143], "texture": "#0"}
			}
		},
		{
			"from": [-1.4763, 1, 43.09808],
			"to": [0.5237, 3, 44.09808],
			"rotation": {"angle": 40, "axis": "y", "origin": [0.5237, 2, 44.09808]},
			"faces": {
				"north": {"uv": [5.57143, 11.57143, 5.85714, 11.85714], "texture": "#0"},
				"east": {"uv": [5.42857, 11.57143, 5.57143, 11.85714], "texture": "#0"},
				"south": {"uv": [6, 11.57143, 6.28571, 11.85714], "texture": "#0"},
				"west": {"uv": [5.85714, 11.57143, 6, 11.85714], "texture": "#0"},
				"up": {"uv": [5.85714, 11.57143, 5.57143, 11.42857], "texture": "#0"},
				"down": {"uv": [6.14286, 11.42857, 5.85714, 11.57143], "texture": "#0"}
			}
		},
		{
			"from": [-6.67245, 1, 41.09808],
			"to": [-4.67245, 3, 42.09808],
			"rotation": {"angle": 80, "axis": "y", "origin": [-4.67245, 2, 41.09808]},
			"faces": {
				"north": {"uv": [6.42857, 11.57143, 6.71429, 11.85714], "texture": "#0"},
				"east": {"uv": [6.28571, 11.57143, 6.42857, 11.85714], "texture": "#0"},
				"south": {"uv": [6.85714, 11.57143, 7.14286, 11.85714], "texture": "#0"},
				"west": {"uv": [6.71429, 11.57143, 6.85714, 11.85714], "texture": "#0"},
				"up": {"uv": [6.71429, 11.57143, 6.42857, 11.42857], "texture": "#0"},
				"down": {"uv": [7, 11.42857, 6.71429, 11.57143], "texture": "#0"}
			}
		},
		{
			"from": [11.42534, 1, 21.96074],
			"to": [17.42534, 3, 22.96074],
			"rotation": {"angle": 90, "axis": "y", "origin": [11.42534, 2, 22.96074]},
			"faces": {
				"north": {"uv": [10.14286, 10.71429, 11, 11], "texture": "#0"},
				"east": {"uv": [10, 10.71429, 10.14286, 11], "texture": "#0"},
				"south": {"uv": [11.14286, 10.71429, 12, 11], "texture": "#0"},
				"west": {"uv": [11, 10.71429, 11.14286, 11], "texture": "#0"},
				"up": {"uv": [11, 10.71429, 10.14286, 10.57143], "texture": "#0"},
				"down": {"uv": [11.85714, 10.57143, 11, 10.71429], "texture": "#0"}
			}
		},
		{
			"from": [3, 1, 23],
			"to": [9, 3, 24],
			"rotation": {"angle": 90, "axis": "y", "origin": [3, 2, 23]},
			"faces": {
				"north": {"uv": [10.42857, 10.28571, 11.28571, 10.57143], "texture": "#0"},
				"east": {"uv": [10.28571, 10.28571, 10.42857, 10.57143], "texture": "#0"},
				"south": {"uv": [11.42857, 10.28571, 12.28571, 10.57143], "texture": "#0"},
				"west": {"uv": [11.28571, 10.28571, 11.42857, 10.57143], "texture": "#0"},
				"up": {"uv": [11.28571, 10.28571, 10.42857, 10.14286], "texture": "#0"},
				"down": {"uv": [12.14286, 10.14286, 11.28571, 10.28571], "texture": "#0"}
			}
		}
	]
}