{
	"credit": "Made with Blockbench",
	"textures": {
		"0": "Minecraft mod 1/Kipplore",
		"1_0": "Minecraft mod 1/flachlore",
		"particle": "Minecraft mod 1/flachlore"
	},
	"elements": [
		{
			"name": "Cube",
			"from": [1, 3.5, -4],
			"to": [2, 9.5, -3],
			"faces": {
				"north": {"uv": [2.5, 6, 2.6, 6.6], "texture": "#0"},
				"east": {"uv": [2.4, 6, 2.5, 6.6], "texture": "#0"},
				"south": {"uv": [2.7, 6, 2.8, 6.6], "texture": "#0"},
				"west": {"uv": [2.6, 6, 2.7, 6.6], "texture": "#0"},
				"up": {"uv": [2.6, 6, 2.5, 5.9], "texture": "#0"},
				"down": {"uv": [2.7, 5.9, 2.6, 6], "texture": "#0"}
			}
		},
		{
			"name": "Cube",
			"from": [14, 3.5, -4],
			"to": [15, 9.5, -3],
			"faces": {
				"north": {"uv": [2.1, 6, 2.2, 6.6], "texture": "#0"},
				"east": {"uv": [2, 6, 2.1, 6.6], "texture": "#0"},
				"south": {"uv": [2.3, 6, 2.4, 6.6], "texture": "#0"},
				"west": {"uv": [2.2, 6, 2.3, 6.6], "texture": "#0"},
				"up": {"uv": [2.2, 6, 2.1, 5.9], "texture": "#0"},
				"down": {"uv": [2.3, 5.9, 2.2, 6], "texture": "#0"}
			}
		},
		{
			"name": "Cube",
			"from": [14, 9.5, -4],
			"to": [15, 14.5, -3],
			"rotation": {"angle": 22.5, "axis": "z", "origin": [15, 9.5, -4]},
			"faces": {
				"north": {"uv": [2.1, 6.7, 2.2, 7.2], "texture": "#0"},
				"east": {"uv": [2, 6.7, 2.1, 7.2], "texture": "#0"},
				"south": {"uv": [2.3, 6.7, 2.4, 7.2], "texture": "#0"},
				"west": {"uv": [2.2, 6.7, 2.3, 7.2], "texture": "#0"},
				"up": {"uv": [2.2, 6.7, 2.1, 6.6], "texture": "#0"},
				"down": {"uv": [2.3, 6.6, 2.2, 6.7], "texture": "#0"}
			}
		},
		{
			"name": "Cube",
			"from": [1, 9.5, -4],
			"to": [2, 14.5, -3],
			"rotation": {"angle": -22.5, "axis": "z", "origin": [1, 9.5, -4]},
			"faces": {
				"north": {"uv": [1.7, 6.7, 1.8, 7.2], "texture": "#0"},
				"east": {"uv": [1.6, 6.7, 1.7, 7.2], "texture": "#0"},
				"south": {"uv": [1.9, 6.7, 2, 7.2], "texture": "#0"},
				"west": {"uv": [1.8, 6.7, 1.9, 7.2], "texture": "#0"},
				"up": {"uv": [1.8, 6.7, 1.7, 6.6], "texture": "#0"},
				"down": {"uv": [1.9, 6.6, 1.8, 6.7], "texture": "#0"}
			}
		},
		{
			"name": "Cube",
			"from": [14, 3.5, 19],
			"to": [15, 9.5, 20],
			"faces": {
				"north": {"uv": [1.3, 6, 1.4, 6.6], "texture": "#0"},
				"east": {"uv": [1.2, 6, 1.3, 6.6], "texture": "#0"},
				"south": {"uv": [1.5, 6, 1.6, 6.6], "texture": "#0"},
				"west": {"uv": [1.4, 6, 1.5, 6.6], "texture": "#0"},
				"up": {"uv": [1.4, 6, 1.3, 5.9], "texture": "#0"},
				"down": {"uv": [1.5, 5.9, 1.4, 6], "texture": "#0"}
			}
		},
		{
			"name": "Cube",
			"from": [1, 9.5, 19],
			"to": [2, 14.5, 20],
			"rotation": {"angle": -22.5, "axis": "z", "origin": [1, 9.5, -4]},
			"faces": {
				"north": {"uv": [0.5, 6.7, 0.6, 7.2], "texture": "#0"},
				"east": {"uv": [0.4, 6.7, 0.5, 7.2], "texture": "#0"},
				"south": {"uv": [0.7, 6.7, 0.8, 7.2], "texture": "#0"},
				"west": {"uv": [0.6, 6.7, 0.7, 7.2], "texture": "#0"},
				"up": {"uv": [0.6, 6.7, 0.5, 6.6], "texture": "#0"},
				"down": {"uv": [0.7, 6.6, 0.6, 6.7], "texture": "#0"}
			}
		},
		{
			"name": "Cube",
			"from": [14, 9.5, 19],
			"to": [15, 14.5, 20],
			"rotation": {"angle": 22.5, "axis": "z", "origin": [15, 9.5, -4]},
			"faces": {
				"north": {"uv": [0.1, 6.7, 0.2, 7.2], "texture": "#0"},
				"east": {"uv": [0, 6.7, 0.1, 7.2], "texture": "#0"},
				"south": {"uv": [0.3, 6.7, 0.4, 7.2], "texture": "#0"},
				"west": {"uv": [0.2, 6.7, 0.3, 7.2], "texture": "#0"},
				"up": {"uv": [0.2, 6.7, 0.1, 6.6], "texture": "#0"},
				"down": {"uv": [0.3, 6.6, 0.2, 6.7], "texture": "#0"}
			}
		},
		{
			"name": "Cube",
			"from": [1, 3.5, 19],
			"to": [2, 9.5, 20],
			"faces": {
				"north": {"uv": [1.7, 6, 1.8, 6.6], "texture": "#0"},
				"east": {"uv": [1.6, 6, 1.7, 6.6], "texture": "#0"},
				"south": {"uv": [1.9, 6, 2, 6.6], "texture": "#0"},
				"west": {"uv": [1.8, 6, 1.9, 6.6], "texture": "#0"},
				"up": {"uv": [1.8, 6, 1.7, 5.9], "texture": "#0"},
				"down": {"uv": [1.9, 5.9, 1.8, 6], "texture": "#0"}
			}
		},
		{
			"name": "Cube",
			"from": [6, 14.5, 19],
			"to": [10, 15.5, 20],
			"faces": {
				"north": {"uv": [0.1, 6.2, 0.5, 6.3], "texture": "#0"},
				"east": {"uv": [0, 6.2, 0.1, 6.3], "texture": "#0"},
				"south": {"uv": [0.6, 6.2, 1, 6.3], "texture": "#0"},
				"west": {"uv": [0.5, 6.2, 0.6, 6.3], "texture": "#0"},
				"up": {"uv": [0.5, 6.2, 0.1, 6.1], "texture": "#0"},
				"down": {"uv": [0.9, 6.1, 0.5, 6.2], "texture": "#0"}
			}
		},
		{
			"name": "Cube",
			"from": [6, 14.5, -4],
			"to": [10, 15.5, -3],
			"faces": {
				"north": {"uv": [0.1, 6.4, 0.5, 6.5], "texture": "#0"},
				"east": {"uv": [0, 6.4, 0.1, 6.5], "texture": "#0"},
				"south": {"uv": [0.6, 6.4, 1, 6.5], "texture": "#0"},
				"west": {"uv": [0.5, 6.4, 0.6, 6.5], "texture": "#0"},
				"up": {"uv": [0.5, 6.4, 0.1, 6.3], "texture": "#0"},
				"down": {"uv": [0.9, 6.3, 0.5, 6.4], "texture": "#0"}
			}
		},
		{
			"name": "Cube",
			"from": [10, 14.5, -4],
			"to": [13, 15.5, -3],
			"rotation": {"angle": -22.5, "axis": "z", "origin": [10, 15.5, -3.5]},
			"faces": {
				"north": {"uv": [2.9, 6, 3.2, 6.1], "texture": "#0"},
				"east": {"uv": [2.8, 6, 2.9, 6.1], "texture": "#0"},
				"south": {"uv": [3.3, 6, 3.6, 6.1], "texture": "#0"},
				"west": {"uv": [3.2, 6, 3.3, 6.1], "texture": "#0"},
				"up": {"uv": [3.2, 6, 2.9, 5.9], "texture": "#0"},
				"down": {"uv": [3.5, 5.9, 3.2, 6], "texture": "#0"}
			}
		},
		{
			"name": "Cube",
			"from": [3, 14.5, -4],
			"to": [6, 15.5, -3],
			"rotation": {"angle": 22.5, "axis": "z", "origin": [6, 15.5, -3]},
			"faces": {
				"north": {"uv": [2.9, 6.2, 3.2, 6.3], "texture": "#0"},
				"east": {"uv": [2.8, 6.2, 2.9, 6.3], "texture": "#0"},
				"south": {"uv": [3.3, 6.2, 3.6, 6.3], "texture": "#0"},
				"west": {"uv": [3.2, 6.2, 3.3, 6.3], "texture": "#0"},
				"up": {"uv": [3.2, 6.2, 2.9, 6.1], "texture": "#0"},
				"down": {"uv": [3.5, 6.1, 3.2, 6.2], "texture": "#0"}
			}
		},
		{
			"name": "Cube",
			"from": [10, 14.5, 19],
			"to": [13, 15.5, 20],
			"rotation": {"angle": -22.5, "axis": "z", "origin": [10, 15.5, -3.5]},
			"faces": {
				"north": {"uv": [2.9, 6.4, 3.2, 6.5], "texture": "#0"},
				"east": {"uv": [2.8, 6.4, 2.9, 6.5], "texture": "#0"},
				"south": {"uv": [3.3, 6.4, 3.6, 6.5], "texture": "#0"},
				"west": {"uv": [3.2, 6.4, 3.3, 6.5], "texture": "#0"},
				"up": {"uv": [3.2, 6.4, 2.9, 6.3], "texture": "#0"},
				"down": {"uv": [3.5, 6.3, 3.2, 6.4], "texture": "#0"}
			}
		},
		{
			"name": "Cube",
			"from": [3, 14.5, 19],
			"to": [6, 15.5, 20],
			"rotation": {"angle": 22.5, "axis": "z", "origin": [6, 15.5, -3]},
			"faces": {
				"north": {"uv": [0.9, 6.7, 1.2, 6.8], "texture": "#0"},
				"east": {"uv": [0.8, 6.7, 0.9, 6.8], "texture": "#0"},
				"south": {"uv": [1.3, 6.7, 1.6, 6.8], "texture": "#0"},
				"west": {"uv": [1.2, 6.7, 1.3, 6.8], "texture": "#0"},
				"up": {"uv": [1.2, 6.7, 0.9, 6.6], "texture": "#0"},
				"down": {"uv": [1.5, 6.6, 1.2, 6.7], "texture": "#0"}
			}
		},
		{
			"name": "Cube",
			"from": [7.5, 6.5, 22],
			"to": [8.5, 8.5, 23],
			"faces": {
				"north": {"uv": [4.1, 6.7, 4.2, 6.9], "texture": "#0"},
				"east": {"uv": [4, 6.7, 4.1, 6.9], "texture": "#0"},
				"south": {"uv": [4.3, 6.7, 4.4, 6.9], "texture": "#0"},
				"west": {"uv": [4.2, 6.7, 4.3, 6.9], "texture": "#0"},
				"up": {"uv": [4.2, 6.7, 4.1, 6.6], "texture": "#0"},
				"down": {"uv": [4.3, 6.6, 4.2, 6.7], "texture": "#0"}
			}
		},
		{
			"name": "Cube",
			"from": [12.2, 13.5, 19],
			"to": [13.2, 16.5, 20],
			"faces": {
				"north": {"uv": [2.5, 6.7, 2.6, 7], "texture": "#0"},
				"east": {"uv": [2.4, 6.7, 2.5, 7], "texture": "#0"},
				"south": {"uv": [2.7, 6.7, 2.8, 7], "texture": "#0"},
				"west": {"uv": [2.6, 6.7, 2.7, 7], "texture": "#0"},
				"up": {"uv": [2.6, 6.7, 2.5, 6.6], "texture": "#0"},
				"down": {"uv": [2.7, 6.6, 2.6, 6.7], "texture": "#0"}
			}
		},
		{
			"name": "Cube",
			"from": [2.8, 13.5, 19],
			"to": [3.8, 16.5, 20],
			"faces": {
				"north": {"uv": [2.9, 6.7, 3, 7], "texture": "#0"},
				"east": {"uv": [2.8, 6.7, 2.9, 7], "texture": "#0"},
				"south": {"uv": [3.1, 6.7, 3.2, 7], "texture": "#0"},
				"west": {"uv": [3, 6.7, 3.1, 7], "texture": "#0"},
				"up": {"uv": [3, 6.7, 2.9, 6.6], "texture": "#0"},
				"down": {"uv": [3.1, 6.6, 3, 6.7], "texture": "#0"}
			}
		},
		{
			"name": "Cube",
			"from": [2.8, 13.5, -4],
			"to": [3.8, 16.5, -3],
			"faces": {
				"north": {"uv": [3.3, 6.7, 3.4, 7], "texture": "#0"},
				"east": {"uv": [3.2, 6.7, 3.3, 7], "texture": "#0"},
				"south": {"uv": [3.5, 6.7, 3.6, 7], "texture": "#0"},
				"west": {"uv": [3.4, 6.7, 3.5, 7], "texture": "#0"},
				"up": {"uv": [3.4, 6.7, 3.3, 6.6], "texture": "#0"},
				"down": {"uv": [3.5, 6.6, 3.4, 6.7], "texture": "#0"}
			}
		},
		{
			"name": "Cube",
			"from": [12.2, 13.5, -4],
			"to": [13.2, 16.5, -3],
			"faces": {
				"north": {"uv": [3.7, 6.7, 3.8, 7], "texture": "#0"},
				"east": {"uv": [3.6, 6.7, 3.7, 7], "texture": "#0"},
				"south": {"uv": [3.9, 6.7, 4, 7], "texture": "#0"},
				"west": {"uv": [3.8, 6.7, 3.9, 7], "texture": "#0"},
				"up": {"uv": [3.8, 6.7, 3.7, 6.6], "texture": "#0"},
				"down": {"uv": [3.9, 6.6, 3.8, 6.7], "texture": "#0"}
			}
		},
		{
			"name": "Cube",
			"from": [5.5, 15.5, -4],
			"to": [10.5, 16.5, -3],
			"faces": {
				"north": {"uv": [6.9, 5.4, 7.4, 5.5], "texture": "#0"},
				"east": {"uv": [6.8, 5.4, 6.9, 5.5], "texture": "#0"},
				"south": {"uv": [7.5, 5.4, 8, 5.5], "texture": "#0"},
				"west": {"uv": [7.4, 5.4, 7.5, 5.5], "texture": "#0"},
				"up": {"uv": [7.4, 5.4, 6.9, 5.3], "texture": "#0"},
				"down": {"uv": [7.9, 5.3, 7.4, 5.4], "texture": "#0"}
			}
		},
		{
			"name": "Cube",
			"from": [5.5, 15.5, 19],
			"to": [10.5, 16.5, 20],
			"faces": {
				"north": {"uv": [0.1, 6, 0.6, 6.1], "texture": "#0"},
				"east": {"uv": [0, 6, 0.1, 6.1], "texture": "#0"},
				"south": {"uv": [0.7, 6, 1.2, 6.1], "texture": "#0"},
				"west": {"uv": [0.6, 6, 0.7, 6.1], "texture": "#0"},
				"up": {"uv": [0.6, 6, 0.1, 5.9], "texture": "#0"},
				"down": {"uv": [1.1, 5.9, 0.6, 6], "texture": "#0"}
			}
		},
		{
			"name": "Cube",
			"from": [6, 9.5, -3],
			"to": [10, 14.5, -2],
			"faces": {
				"north": {"uv": [5.9, 5.4, 6.3, 5.9], "texture": "#0"},
				"east": {"uv": [5.8, 5.4, 5.9, 5.9], "texture": "#0"},
				"south": {"uv": [6.4, 5.4, 6.8, 5.9], "texture": "#0"},
				"west": {"uv": [6.3, 5.4, 6.4, 5.9], "texture": "#0"},
				"up": {"uv": [6.3, 5.4, 5.9, 5.3], "texture": "#0"},
				"down": {"uv": [6.7, 5.3, 6.3, 5.4], "texture": "#0"}
			}
		},
		{
			"name": "Cube",
			"from": [6, 9.5, -2],
			"to": [10, 10.5, 18],
			"faces": {
				"north": {"uv": [2, 4.3, 2.4, 4.4], "texture": "#0"},
				"east": {"uv": [0, 4.3, 2, 4.4], "texture": "#0"},
				"south": {"uv": [4.4, 4.3, 4.8, 4.4], "texture": "#0"},
				"west": {"uv": [2.4, 4.3, 4.4, 4.4], "texture": "#0"},
				"up": {"uv": [2.4, 4.3, 2, 2.3], "texture": "#0"},
				"down": {"uv": [2.8, 2.3, 2.4, 4.3], "texture": "#0"}
			}
		},
		{
			"name": "Cube",
			"from": [10, 9.5, -3],
			"to": [26, 10.5, 19],
			"rotation": {"angle": 45, "axis": "z", "origin": [10, 9.5, 8]},
			"faces": {
				"north": {"uv": [9.8, 2.2, 11.4, 2.3], "texture": "#0"},
				"east": {"uv": [7.6, 2.2, 9.8, 2.3], "texture": "#0"},
				"south": {"uv": [13.6, 2.2, 15.2, 2.3], "texture": "#0"},
				"west": {"uv": [11.4, 2.2, 13.6, 2.3], "texture": "#0"},
				"up": {"uv": [11.4, 2.2, 9.8, 0], "texture": "#0"},
				"down": {"uv": [13, 0, 11.4, 2.2], "texture": "#0"}
			}
		},
		{
			"name": "Cube",
			"from": [-10, 9.5, -3],
			"to": [6, 10.5, 19],
			"rotation": {"angle": -45, "axis": "z", "origin": [6, 9.5, 8]},
			"faces": {
				"north": {"uv": [2.2, 2.2, 3.8, 2.3], "texture": "#0"},
				"east": {"uv": [0, 2.2, 2.2, 2.3], "texture": "#0"},
				"south": {"uv": [6, 2.2, 7.6, 2.3], "texture": "#0"},
				"west": {"uv": [3.8, 2.2, 6, 2.3], "texture": "#0"},
				"up": {"uv": [3.8, 2.2, 2.2, 0], "texture": "#0"},
				"down": {"uv": [5.4, 0, 3.8, 2.2], "texture": "#0"}
			}
		},
		{
			"name": "Cube",
			"from": [-10, 10.5, -3],
			"to": [6, 13.5, -2],
			"rotation": {"angle": -45, "axis": "z", "origin": [6, 9.5, 8]},
			"faces": {
				"north": {"uv": [6.9, 5, 8.5, 5.3], "texture": "#0"},
				"east": {"uv": [6.8, 5, 6.9, 5.3], "texture": "#0"},
				"south": {"uv": [8.6, 5, 10.2, 5.3], "texture": "#0"},
				"west": {"uv": [8.5, 5, 8.6, 5.3], "texture": "#0"},
				"up": {"uv": [8.5, 5, 6.9, 4.9], "texture": "#0"},
				"down": {"uv": [10.1, 4.9, 8.5, 5], "texture": "#0"}
			}
		},
		{
			"name": "Cube",
			"from": [-10, 10.5, 18],
			"to": [6, 13.5, 19],
			"rotation": {"angle": -45, "axis": "z", "origin": [6, 9.5, 8]},
			"faces": {
				"north": {"uv": [0.1, 5.4, 1.7, 5.7], "texture": "#0"},
				"east": {"uv": [0, 5.4, 0.1, 5.7], "texture": "#0"},
				"south": {"uv": [1.8, 5.4, 3.4, 5.7], "texture": "#0"},
				"west": {"uv": [1.7, 5.4, 1.8, 5.7], "texture": "#0"},
				"up": {"uv": [1.7, 5.4, 0.1, 5.3], "texture": "#0"},
				"down": {"uv": [3.3, 5.3, 1.7, 5.4], "texture": "#0"}
			}
		},
		{
			"name": "Cube",
			"from": [10, 10.5, -3],
			"to": [26, 13.5, -2],
			"rotation": {"angle": 45, "axis": "z", "origin": [10, 9.5, 8]},
			"faces": {
				"north": {"uv": [3.5, 5, 5.1, 5.3], "texture": "#0"},
				"east": {"uv": [3.4, 5, 3.5, 5.3], "texture": "#0"},
				"south": {"uv": [5.2, 5, 6.8, 5.3], "texture": "#0"},
				"west": {"uv": [5.1, 5, 5.2, 5.3], "texture": "#0"},
				"up": {"uv": [5.1, 5, 3.5, 4.9], "texture": "#0"},
				"down": {"uv": [6.7, 4.9, 5.1, 5], "texture": "#0"}
			}
		},
		{
			"name": "Cube",
			"from": [10, 10.5, 18],
			"to": [26, 13.5, 19],
			"rotation": {"angle": 45, "axis": "z", "origin": [10, 9.5, 8]},
			"faces": {
				"north": {"uv": [0.1, 5, 1.7, 5.3], "texture": "#0"},
				"east": {"uv": [0, 5, 0.1, 5.3], "texture": "#0"},
				"south": {"uv": [1.8, 5, 3.4, 5.3], "texture": "#0"},
				"west": {"uv": [1.7, 5, 1.8, 5.3], "texture": "#0"},
				"up": {"uv": [1.7, 5, 0.1, 4.9], "texture": "#0"},
				"down": {"uv": [3.3, 4.9, 1.7, 5], "texture": "#0"}
			}
		},
		{
			"name": "Cube",
			"from": [-2.5, 19.5, -3],
			"to": [18.5, 23.5, -2],
			"faces": {
				"north": {"uv": [0.1, 4.5, 2.2, 4.9], "texture": "#0"},
				"east": {"uv": [0, 4.5, 0.1, 4.9], "texture": "#0"},
				"south": {"uv": [2.3, 4.5, 4.4, 4.9], "texture": "#0"},
				"west": {"uv": [2.2, 4.5, 2.3, 4.9], "texture": "#0"},
				"up": {"uv": [2.2, 4.5, 0.1, 4.4], "texture": "#0"},
				"down": {"uv": [4.3, 4.4, 2.2, 4.5], "texture": "#0"}
			}
		},
		{
			"name": "Cube",
			"from": [-2.5, 19.5, 18],
			"to": [18.5, 23.5, 19],
			"faces": {
				"north": {"uv": [4.9, 2.4, 7, 2.8], "texture": "#0"},
				"east": {"uv": [4.8, 2.4, 4.9, 2.8], "texture": "#0"},
				"south": {"uv": [7.1, 2.4, 9.2, 2.8], "texture": "#0"},
				"west": {"uv": [7, 2.4, 7.1, 2.8], "texture": "#0"},
				"up": {"uv": [7, 2.4, 4.9, 2.3], "texture": "#0"},
				"down": {"uv": [9.1, 2.3, 7, 2.4], "texture": "#0"}
			}
		},
		{
			"name": "Cube",
			"from": [0, 15.5, -3],
			"to": [16, 19.5, -2],
			"faces": {
				"north": {"uv": [4.5, 4.5, 6.1, 4.9], "texture": "#0"},
				"east": {"uv": [4.4, 4.5, 4.5, 4.9], "texture": "#0"},
				"south": {"uv": [6.2, 4.5, 7.8, 4.9], "texture": "#0"},
				"west": {"uv": [6.1, 4.5, 6.2, 4.9], "texture": "#0"},
				"up": {"uv": [6.1, 4.5, 4.5, 4.4], "texture": "#0"},
				"down": {"uv": [7.7, 4.4, 6.1, 4.5], "texture": "#0"}
			}
		},
		{
			"name": "Cube",
			"from": [5, 14.5, -3],
			"to": [11, 15.5, -2],
			"faces": {
				"north": {"uv": [3.5, 5.4, 4.1, 5.5], "texture": "#0"},
				"east": {"uv": [3.4, 5.4, 3.5, 5.5], "texture": "#0"},
				"south": {"uv": [4.2, 5.4, 4.8, 5.5], "texture": "#0"},
				"west": {"uv": [4.1, 5.4, 4.2, 5.5], "texture": "#0"},
				"up": {"uv": [4.1, 5.4, 3.5, 5.3], "texture": "#0"},
				"down": {"uv": [4.7, 5.3, 4.1, 5.4], "texture": "#0"}
			}
		},
		{
			"name": "Cube",
			"from": [6, 9.5, 18],
			"to": [10, 14.5, 19],
			"faces": {
				"north": {"uv": [4.9, 5.4, 5.3, 5.9], "texture": "#0"},
				"east": {"uv": [4.8, 5.4, 4.9, 5.9], "texture": "#0"},
				"south": {"uv": [5.4, 5.4, 5.8, 5.9], "texture": "#0"},
				"west": {"uv": [5.3, 5.4, 5.4, 5.9], "texture": "#0"},
				"up": {"uv": [5.3, 5.4, 4.9, 5.3], "texture": "#0"},
				"down": {"uv": [5.7, 5.3, 5.3, 5.4], "texture": "#0"}
			}
		},
		{
			"name": "Cube",
			"from": [5, 14.5, 18],
			"to": [11, 15.5, 19],
			"faces": {
				"north": {"uv": [0.1, 5.8, 0.7, 5.9], "texture": "#0"},
				"east": {"uv": [0, 5.8, 0.1, 5.9], "texture": "#0"},
				"south": {"uv": [0.8, 5.8, 1.4, 5.9], "texture": "#0"},
				"west": {"uv": [0.7, 5.8, 0.8, 5.9], "texture": "#0"},
				"up": {"uv": [0.7, 5.8, 0.1, 5.7], "texture": "#0"},
				"down": {"uv": [1.3, 5.7, 0.7, 5.8], "texture": "#0"}
			}
		},
		{
			"name": "Cube",
			"from": [0, 15.5, 18],
			"to": [16, 19.5, 19],
			"faces": {
				"north": {"uv": [7.9, 4.5, 9.5, 4.9], "texture": "#0"},
				"east": {"uv": [7.8, 4.5, 7.9, 4.9], "texture": "#0"},
				"south": {"uv": [9.6, 4.5, 11.2, 4.9], "texture": "#0"},
				"west": {"uv": [9.5, 4.5, 9.6, 4.9], "texture": "#0"},
				"up": {"uv": [9.5, 4.5, 7.9, 4.4], "texture": "#0"},
				"down": {"uv": [11.1, 4.4, 9.5, 4.5], "texture": "#0"}
			}
		},
		{
			"name": "Cube",
			"from": [7.5, 6.5, -7],
			"to": [8.5, 8.5, -6],
			"faces": {
				"north": {"uv": [4.1, 7, 4.2, 7.2], "texture": "#0"},
				"east": {"uv": [4, 7, 4.1, 7.2], "texture": "#0"},
				"south": {"uv": [4.3, 7, 4.4, 7.2], "texture": "#0"},
				"west": {"uv": [4.2, 7, 4.3, 7.2], "texture": "#0"},
				"up": {"uv": [4.2, 7, 4.1, 6.9], "texture": "#0"},
				"down": {"uv": [4.3, 6.9, 4.2, 7], "texture": "#0"}
			}
		},
		{
			"name": "Cube",
			"from": [14.5, 3.5, -4],
			"to": [16.5, 6.5, 20],
			"faces": {
				"north": {"uv": [3.42857, 3.42857, 3.71429, 3.85714], "texture": "#1_0"},
				"east": {"uv": [0, 3.42857, 3.42857, 3.85714], "texture": "#1_0"},
				"south": {"uv": [7.14286, 3.42857, 7.42857, 3.85714], "texture": "#1_0"},
				"west": {"uv": [3.71429, 3.42857, 7.14286, 3.85714], "texture": "#1_0"},
				"up": {"uv": [3.71429, 3.42857, 3.42857, 0], "texture": "#1_0"},
				"down": {"uv": [4, 0, 3.71429, 3.42857], "texture": "#1_0"}
			}
		},
		{
			"name": "Cube",
			"from": [14.5, 3.5, -6],
			"to": [16.5, 6.5, -4],
			"rotation": {"angle": 45, "axis": "y", "origin": [16.5, 6, -4]},
			"faces": {
				"north": {"uv": [5.71429, 8.28571, 6, 8.71429], "texture": "#1_0"},
				"east": {"uv": [5.42857, 8.28571, 5.71429, 8.71429], "texture": "#1_0"},
				"south": {"uv": [6.28571, 8.28571, 6.57143, 8.71429], "texture": "#1_0"},
				"west": {"uv": [6, 8.28571, 6.28571, 8.71429], "texture": "#1_0"},
				"up": {"uv": [6, 8.28571, 5.71429, 8], "texture": "#1_0"},
				"down": {"uv": [6.28571, 8, 6, 8.28571], "texture": "#1_0"}
			}
		},
		{
			"name": "Cube",
			"from": [10.2, 3.5, -5.3],
			"to": [15.2, 6.5, -3.3],
			"rotation": {"angle": -22.5, "axis": "y", "origin": [15.5, 6, -5.5]},
			"faces": {
				"north": {"uv": [4.57143, 6.28571, 5.28571, 6.71429], "texture": "#1_0"},
				"east": {"uv": [4.28571, 6.28571, 4.57143, 6.71429], "texture": "#1_0"},
				"south": {"uv": [5.57143, 6.28571, 6.28571, 6.71429], "texture": "#1_0"},
				"west": {"uv": [5.28571, 6.28571, 5.57143, 6.71429], "texture": "#1_0"},
				"up": {"uv": [5.28571, 6.28571, 4.57143, 6], "texture": "#1_0"},
				"down": {"uv": [6, 6, 5.28571, 6.28571], "texture": "#1_0"}
			}
		},
		{
			"name": "Cube",
			"from": [5.5, 3.5, -7.3],
			"to": [10.5, 6.5, -5.3],
			"faces": {
				"north": {"uv": [4.28571, 7, 5, 7.42857], "texture": "#1_0"},
				"east": {"uv": [4, 7, 4.28571, 7.42857], "texture": "#1_0"},
				"south": {"uv": [5.28571, 7, 6, 7.42857], "texture": "#1_0"},
				"west": {"uv": [5, 7, 5.28571, 7.42857], "texture": "#1_0"},
				"up": {"uv": [5, 7, 4.28571, 6.71429], "texture": "#1_0"},
				"down": {"uv": [5.71429, 6.71429, 5, 7], "texture": "#1_0"}
			}
		},
		{
			"name": "Cube",
			"from": [0.8, 3.5, -5.3],
			"to": [5.8, 6.5, -3.3],
			"rotation": {"angle": 22.5, "axis": "y", "origin": [0.5, 6, -5.5]},
			"faces": {
				"north": {"uv": [2.28571, 7, 3, 7.42857], "texture": "#1_0"},
				"east": {"uv": [2, 7, 2.28571, 7.42857], "texture": "#1_0"},
				"south": {"uv": [3.28571, 7, 4, 7.42857], "texture": "#1_0"},
				"west": {"uv": [3, 7, 3.28571, 7.42857], "texture": "#1_0"},
				"up": {"uv": [3, 7, 2.28571, 6.71429], "texture": "#1_0"},
				"down": {"uv": [3.71429, 6.71429, 3, 7], "texture": "#1_0"}
			}
		},
		{
			"name": "Cube",
			"from": [-0.5, 3.5, -6],
			"to": [1.5, 6.5, -4],
			"rotation": {"angle": -45, "axis": "y", "origin": [-0.5, 6, -4]},
			"faces": {
				"north": {"uv": [4.57143, 8.28571, 4.85714, 8.71429], "texture": "#1_0"},
				"east": {"uv": [4.28571, 8.28571, 4.57143, 8.71429], "texture": "#1_0"},
				"south": {"uv": [5.14286, 8.28571, 5.42857, 8.71429], "texture": "#1_0"},
				"west": {"uv": [4.85714, 8.28571, 5.14286, 8.71429], "texture": "#1_0"},
				"up": {"uv": [4.85714, 8.28571, 4.57143, 8], "texture": "#1_0"},
				"down": {"uv": [5.14286, 8, 4.85714, 8.28571], "texture": "#1_0"}
			}
		},
		{
			"name": "Cube",
			"from": [-0.5, 3.5, -4],
			"to": [1.5, 6.5, 20],
			"faces": {
				"north": {"uv": [10.85714, 3.42857, 11.14286, 3.85714], "texture": "#1_0"},
				"east": {"uv": [7.42857, 3.42857, 10.85714, 3.85714], "texture": "#1_0"},
				"south": {"uv": [14.57143, 3.42857, 14.85714, 3.85714], "texture": "#1_0"},
				"west": {"uv": [11.14286, 3.42857, 14.57143, 3.85714], "texture": "#1_0"},
				"up": {"uv": [11.14286, 3.42857, 10.85714, 0], "texture": "#1_0"},
				"down": {"uv": [11.42857, 0, 11.14286, 3.42857], "texture": "#1_0"}
			}
		},
		{
			"name": "Cube",
			"from": [16.5, 3.5, 11],
			"to": [18.5, 6.5, 13],
			"rotation": {"angle": -45, "axis": "y", "origin": [-0.5, 6, -4]},
			"faces": {
				"north": {"uv": [6.85714, 8.28571, 7.14286, 8.71429], "texture": "#1_0"},
				"east": {"uv": [6.57143, 8.28571, 6.85714, 8.71429], "texture": "#1_0"},
				"south": {"uv": [7.42857, 8.28571, 7.71429, 8.71429], "texture": "#1_0"},
				"west": {"uv": [7.14286, 8.28571, 7.42857, 8.71429], "texture": "#1_0"},
				"up": {"uv": [7.14286, 8.28571, 6.85714, 8], "texture": "#1_0"},
				"down": {"uv": [7.42857, 8, 7.14286, 8.28571], "texture": "#1_0"}
			}
		},
		{
			"name": "Cube",
			"from": [11.2, 3.5, 17.3],
			"to": [16.2, 6.5, 19.3],
			"rotation": {"angle": -22.5, "axis": "y", "origin": [0.5, 6, -5.5]},
			"faces": {
				"north": {"uv": [0.28571, 7, 1, 7.42857], "texture": "#1_0"},
				"east": {"uv": [0, 7, 0.28571, 7.42857], "texture": "#1_0"},
				"south": {"uv": [1.28571, 7, 2, 7.42857], "texture": "#1_0"},
				"west": {"uv": [1, 7, 1.28571, 7.42857], "texture": "#1_0"},
				"up": {"uv": [1, 7, 0.28571, 6.71429], "texture": "#1_0"},
				"down": {"uv": [1.71429, 6.71429, 1, 7], "texture": "#1_0"}
			}
		},
		{
			"name": "Cube",
			"from": [5.5, 3.5, 21.4],
			"to": [10.5, 6.5, 23.4],
			"faces": {
				"north": {"uv": [6.28571, 7, 7, 7.42857], "texture": "#1_0"},
				"east": {"uv": [6, 7, 6.28571, 7.42857], "texture": "#1_0"},
				"south": {"uv": [7.28571, 7, 8, 7.42857], "texture": "#1_0"},
				"west": {"uv": [7, 7, 7.28571, 7.42857], "texture": "#1_0"},
				"up": {"uv": [7, 7, 6.28571, 6.71429], "texture": "#1_0"},
				"down": {"uv": [7.71429, 6.71429, 7, 7], "texture": "#1_0"}
			}
		},
		{
			"name": "Cube",
			"from": [-1.2, 3.5, 23],
			"to": [3.8, 6.5, 25],
			"rotation": {"angle": 22.5, "axis": "y", "origin": [0.5, 6, -5.5]},
			"faces": {
				"north": {"uv": [4.57143, 5.57143, 5.28571, 6], "texture": "#1_0"},
				"east": {"uv": [4.28571, 5.57143, 4.57143, 6], "texture": "#1_0"},
				"south": {"uv": [5.57143, 5.57143, 6.28571, 6], "texture": "#1_0"},
				"west": {"uv": [5.28571, 5.57143, 5.57143, 6], "texture": "#1_0"},
				"up": {"uv": [5.28571, 5.57143, 4.57143, 5.28571], "texture": "#1_0"},
				"down": {"uv": [6, 5.28571, 5.28571, 5.57143], "texture": "#1_0"}
			}
		},
		{
			"name": "Cube",
			"from": [-2.5, 3.5, 11],
			"to": [-0.5, 6.5, 13],
			"rotation": {"angle": 45, "axis": "y", "origin": [16.5, 6, -4]},
			"faces": {
				"north": {"uv": [8, 8.28571, 8.28571, 8.71429], "texture": "#1_0"},
				"east": {"uv": [7.71429, 8.28571, 8, 8.71429], "texture": "#1_0"},
				"south": {"uv": [8.57143, 8.28571, 8.85714, 8.71429], "texture": "#1_0"},
				"west": {"uv": [8.28571, 8.28571, 8.57143, 8.71429], "texture": "#1_0"},
				"up": {"uv": [8.28571, 8.28571, 8, 8], "texture": "#1_0"},
				"down": {"uv": [8.57143, 8, 8.28571, 8.28571], "texture": "#1_0"}
			}
		},
		{
			"name": "Cube",
			"from": [14.5, 1.5, 1.5],
			"to": [16.5, 3.5, 3.5],
			"faces": {
				"north": {"uv": [3.71429, 9, 4, 9.28571], "texture": "#1_0"},
				"east": {"uv": [3.42857, 9, 3.71429, 9.28571], "texture": "#1_0"},
				"south": {"uv": [4.28571, 9, 4.57143, 9.28571], "texture": "#1_0"},
				"west": {"uv": [4, 9, 4.28571, 9.28571], "texture": "#1_0"},
				"up": {"uv": [4, 9, 3.71429, 8.71429], "texture": "#1_0"},
				"down": {"uv": [4.28571, 8.71429, 4, 9], "texture": "#1_0"}
			}
		},
		{
			"name": "Cube",
			"from": [14.5, 1.5, 12.5],
			"to": [16.5, 3.5, 14.5],
			"faces": {
				"north": {"uv": [2.57143, 9, 2.85714, 9.28571], "texture": "#1_0"},
				"east": {"uv": [2.28571, 9, 2.57143, 9.28571], "texture": "#1_0"},
				"south": {"uv": [3.14286, 9, 3.42857, 9.28571], "texture": "#1_0"},
				"west": {"uv": [2.85714, 9, 3.14286, 9.28571], "texture": "#1_0"},
				"up": {"uv": [2.85714, 9, 2.57143, 8.71429], "texture": "#1_0"},
				"down": {"uv": [3.14286, 8.71429, 2.85714, 9], "texture": "#1_0"}
			}
		},
		{
			"name": "Cube",
			"from": [-0.5, 1.5, 12.5],
			"to": [1.5, 3.5, 14.5],
			"faces": {
				"north": {"uv": [1.42857, 9, 1.71429, 9.28571], "texture": "#1_0"},
				"east": {"uv": [1.14286, 9, 1.42857, 9.28571], "texture": "#1_0"},
				"south": {"uv": [2, 9, 2.28571, 9.28571], "texture": "#1_0"},
				"west": {"uv": [1.71429, 9, 2, 9.28571], "texture": "#1_0"},
				"up": {"uv": [1.71429, 9, 1.42857, 8.71429], "texture": "#1_0"},
				"down": {"uv": [2, 8.71429, 1.71429, 9], "texture": "#1_0"}
			}
		},
		{
			"name": "Cube",
			"from": [-0.5, 1.5, 1.5],
			"to": [1.5, 3.5, 3.5],
			"faces": {
				"north": {"uv": [0.28571, 9, 0.57143, 9.28571], "texture": "#1_0"},
				"east": {"uv": [0, 9, 0.28571, 9.28571], "texture": "#1_0"},
				"south": {"uv": [0.85714, 9, 1.14286, 9.28571], "texture": "#1_0"},
				"west": {"uv": [0.57143, 9, 0.85714, 9.28571], "texture": "#1_0"},
				"up": {"uv": [0.57143, 9, 0.28571, 8.71429], "texture": "#1_0"},
				"down": {"uv": [0.85714, 8.71429, 0.57143, 9], "texture": "#1_0"}
			}
		},
		{
			"name": "Cube",
			"from": [2, 0, 12],
			"to": [4, 1, 15],
			"faces": {
				"north": {"uv": [1.85714, 7.85714, 2.14286, 8], "texture": "#1_0"},
				"east": {"uv": [1.42857, 7.85714, 1.85714, 8], "texture": "#1_0"},
				"south": {"uv": [2.57143, 7.85714, 2.85714, 8], "texture": "#1_0"},
				"west": {"uv": [2.14286, 7.85714, 2.57143, 8], "texture": "#1_0"},
				"up": {"uv": [2.14286, 7.85714, 1.85714, 7.42857], "texture": "#1_0"},
				"down": {"uv": [2.42857, 7.42857, 2.14286, 7.85714], "texture": "#1_0"}
			}
		},
		{
			"name": "Cube",
			"from": [2, 1, 15],
			"to": [4, 4, 16],
			"faces": {
				"north": {"uv": [7.28571, 8.85714, 7.57143, 9.28571], "texture": "#1_0"},
				"east": {"uv": [7.14286, 8.85714, 7.28571, 9.28571], "texture": "#1_0"},
				"south": {"uv": [7.71429, 8.85714, 8, 9.28571], "texture": "#1_0"},
				"west": {"uv": [7.57143, 8.85714, 7.71429, 9.28571], "texture": "#1_0"},
				"up": {"uv": [7.57143, 8.85714, 7.28571, 8.71429], "texture": "#1_0"},
				"down": {"uv": [7.85714, 8.71429, 7.57143, 8.85714], "texture": "#1_0"}
			}
		},
		{
			"name": "Cube",
			"from": [2, 4, 12],
			"to": [4, 5, 15],
			"faces": {
				"north": {"uv": [4.71429, 7.85714, 5, 8], "texture": "#1_0"},
				"east": {"uv": [4.28571, 7.85714, 4.71429, 8], "texture": "#1_0"},
				"south": {"uv": [5.42857, 7.85714, 5.71429, 8], "texture": "#1_0"},
				"west": {"uv": [5, 7.85714, 5.42857, 8], "texture": "#1_0"},
				"up": {"uv": [5, 7.85714, 4.71429, 7.42857], "texture": "#1_0"},
				"down": {"uv": [5.28571, 7.42857, 5, 7.85714], "texture": "#1_0"}
			}
		},
		{
			"name": "Cube",
			"from": [2, 1, 11],
			"to": [4, 4, 12],
			"faces": {
				"north": {"uv": [6.42857, 8.85714, 6.71429, 9.28571], "texture": "#1_0"},
				"east": {"uv": [6.28571, 8.85714, 6.42857, 9.28571], "texture": "#1_0"},
				"south": {"uv": [6.85714, 8.85714, 7.14286, 9.28571], "texture": "#1_0"},
				"west": {"uv": [6.71429, 8.85714, 6.85714, 9.28571], "texture": "#1_0"},
				"up": {"uv": [6.71429, 8.85714, 6.42857, 8.71429], "texture": "#1_0"},
				"down": {"uv": [7, 8.71429, 6.71429, 8.85714], "texture": "#1_0"}
			}
		},
		{
			"name": "Cube",
			"from": [0, 2, 13],
			"to": [16, 3, 14],
			"faces": {
				"north": {"uv": [0.14286, 4, 2.42857, 4.14286], "texture": "#1_0"},
				"east": {"uv": [0, 4, 0.14286, 4.14286], "texture": "#1_0"},
				"south": {"uv": [2.57143, 4, 4.85714, 4.14286], "texture": "#1_0"},
				"west": {"uv": [2.42857, 4, 2.57143, 4.14286], "texture": "#1_0"},
				"up": {"uv": [2.42857, 4, 0.14286, 3.85714], "texture": "#1_0"},
				"down": {"uv": [4.71429, 3.85714, 2.42857, 4], "texture": "#1_0"}
			}
		},
		{
			"name": "Cube",
			"from": [4, 1, 10],
			"to": [4, 4, 11],
			"faces": {
				"north": {"uv": [4.14286, 10, 4.14286, 10.42857], "texture": "#1_0"},
				"east": {"uv": [4, 10, 4.14286, 10.42857], "texture": "#1_0"},
				"south": {"uv": [4.28571, 10, 4.28571, 10.42857], "texture": "#1_0"},
				"west": {"uv": [4.14286, 10, 4.28571, 10.42857], "texture": "#1_0"},
				"up": {"uv": [4.14286, 10, 4.14286, 9.85714], "texture": "#1_0"},
				"down": {"uv": [4.14286, 9.85714, 4.14286, 10], "texture": "#1_0"}
			}
		},
		{
			"name": "Cube",
			"from": [4, 0, 11],
			"to": [4, 5, 16],
			"faces": {
				"north": {"uv": [2.14286, 6, 2.14286, 6.71429], "texture": "#1_0"},
				"east": {"uv": [1.42857, 6, 2.14286, 6.71429], "texture": "#1_0"},
				"south": {"uv": [2.85714, 6, 2.85714, 6.71429], "texture": "#1_0"},
				"west": {"uv": [2.14286, 6, 2.85714, 6.71429], "texture": "#1_0"},
				"up": {"uv": [2.14286, 6, 2.14286, 5.28571], "texture": "#1_0"},
				"down": {"uv": [2.14286, 5.28571, 2.14286, 6], "texture": "#1_0"}
			}
		},
		{
			"name": "Cube",
			"from": [4, 5, 12],
			"to": [4, 6, 15],
			"faces": {
				"north": {"uv": [2.14286, 9.71429, 2.14286, 9.85714], "texture": "#1_0"},
				"east": {"uv": [1.71429, 9.71429, 2.14286, 9.85714], "texture": "#1_0"},
				"south": {"uv": [2.57143, 9.71429, 2.57143, 9.85714], "texture": "#1_0"},
				"west": {"uv": [2.14286, 9.71429, 2.57143, 9.85714], "texture": "#1_0"},
				"up": {"uv": [2.14286, 9.71429, 2.14286, 9.28571], "texture": "#1_0"},
				"down": {"uv": [2.14286, 9.28571, 2.14286, 9.71429], "texture": "#1_0"}
			}
		},
		{
			"name": "Cube",
			"from": [4, -1, 12],
			"to": [4, 0, 15],
			"faces": {
				"north": {"uv": [3, 9.71429, 3, 9.85714], "texture": "#1_0"},
				"east": {"uv": [2.57143, 9.71429, 3, 9.85714], "texture": "#1_0"},
				"south": {"uv": [3.42857, 9.71429, 3.42857, 9.85714], "texture": "#1_0"},
				"west": {"uv": [3, 9.71429, 3.42857, 9.85714], "texture": "#1_0"},
				"up": {"uv": [3, 9.71429, 3, 9.28571], "texture": "#1_0"},
				"down": {"uv": [3, 9.28571, 3, 9.71429], "texture": "#1_0"}
			}
		},
		{
			"name": "Cube",
			"from": [4, 1, 16],
			"to": [4, 4, 17],
			"faces": {
				"north": {"uv": [4.71429, 10, 4.71429, 10.42857], "texture": "#1_0"},
				"east": {"uv": [4.57143, 10, 4.71429, 10.42857], "texture": "#1_0"},
				"south": {"uv": [4.85714, 10, 4.85714, 10.42857], "texture": "#1_0"},
				"west": {"uv": [4.71429, 10, 4.85714, 10.42857], "texture": "#1_0"},
				"up": {"uv": [4.71429, 10, 4.71429, 9.85714], "texture": "#1_0"},
				"down": {"uv": [4.71429, 9.85714, 4.71429, 10], "texture": "#1_0"}
			}
		},
		{
			"name": "Cube",
			"from": [12, 1, 16],
			"to": [12, 4, 17],
			"faces": {
				"north": {"uv": [4.42857, 10, 4.42857, 10.42857], "texture": "#1_0"},
				"east": {"uv": [4.28571, 10, 4.42857, 10.42857], "texture": "#1_0"},
				"south": {"uv": [4.57143, 10, 4.57143, 10.42857], "texture": "#1_0"},
				"west": {"uv": [4.42857, 10, 4.57143, 10.42857], "texture": "#1_0"},
				"up": {"uv": [4.42857, 10, 4.42857, 9.85714], "texture": "#1_0"},
				"down": {"uv": [4.42857, 9.85714, 4.42857, 10], "texture": "#1_0"}
			}
		},
		{
			"name": "Cube",
			"from": [12, 1, 15],
			"to": [14, 4, 16],
			"faces": {
				"north": {"uv": [0.14286, 9.42857, 0.42857, 9.85714], "texture": "#1_0"},
				"east": {"uv": [0, 9.42857, 0.14286, 9.85714], "texture": "#1_0"},
				"south": {"uv": [0.57143, 9.42857, 0.85714, 9.85714], "texture": "#1_0"},
				"west": {"uv": [0.42857, 9.42857, 0.57143, 9.85714], "texture": "#1_0"},
				"up": {"uv": [0.42857, 9.42857, 0.14286, 9.28571], "texture": "#1_0"},
				"down": {"uv": [0.71429, 9.28571, 0.42857, 9.42857], "texture": "#1_0"}
			}
		},
		{
			"name": "Cube",
			"from": [12, 4, 12],
			"to": [14, 5, 15],
			"faces": {
				"north": {"uv": [3.28571, 8.42857, 3.57143, 8.57143], "texture": "#1_0"},
				"east": {"uv": [2.85714, 8.42857, 3.28571, 8.57143], "texture": "#1_0"},
				"south": {"uv": [4, 8.42857, 4.28571, 8.57143], "texture": "#1_0"},
				"west": {"uv": [3.57143, 8.42857, 4, 8.57143], "texture": "#1_0"},
				"up": {"uv": [3.57143, 8.42857, 3.28571, 8], "texture": "#1_0"},
				"down": {"uv": [3.85714, 8, 3.57143, 8.42857], "texture": "#1_0"}
			}
		},
		{
			"name": "Cube",
			"from": [12, 5, 12],
			"to": [12, 6, 15],
			"faces": {
				"north": {"uv": [3.85714, 9.71429, 3.85714, 9.85714], "texture": "#1_0"},
				"east": {"uv": [3.42857, 9.71429, 3.85714, 9.85714], "texture": "#1_0"},
				"south": {"uv": [4.28571, 9.71429, 4.28571, 9.85714], "texture": "#1_0"},
				"west": {"uv": [3.85714, 9.71429, 4.28571, 9.85714], "texture": "#1_0"},
				"up": {"uv": [3.85714, 9.71429, 3.85714, 9.28571], "texture": "#1_0"},
				"down": {"uv": [3.85714, 9.28571, 3.85714, 9.71429], "texture": "#1_0"}
			}
		},
		{
			"name": "Cube",
			"from": [12, 0, 11],
			"to": [12, 5, 16],
			"faces": {
				"north": {"uv": [5.57143, 4.57143, 5.57143, 5.28571], "texture": "#1_0"},
				"east": {"uv": [4.85714, 4.57143, 5.57143, 5.28571], "texture": "#1_0"},
				"south": {"uv": [6.28571, 4.57143, 6.28571, 5.28571], "texture": "#1_0"},
				"west": {"uv": [5.57143, 4.57143, 6.28571, 5.28571], "texture": "#1_0"},
				"up": {"uv": [5.57143, 4.57143, 5.57143, 3.85714], "texture": "#1_0"},
				"down": {"uv": [5.57143, 3.85714, 5.57143, 4.57143], "texture": "#1_0"}
			}
		},
		{
			"name": "Cube",
			"from": [12, 1, 10],
			"to": [12, 4, 11],
			"faces": {
				"north": {"uv": [3.57143, 10, 3.57143, 10.42857], "texture": "#1_0"},
				"east": {"uv": [3.42857, 10, 3.57143, 10.42857], "texture": "#1_0"},
				"south": {"uv": [3.71429, 10, 3.71429, 10.42857], "texture": "#1_0"},
				"west": {"uv": [3.57143, 10, 3.71429, 10.42857], "texture": "#1_0"},
				"up": {"uv": [3.57143, 10, 3.57143, 9.85714], "texture": "#1_0"},
				"down": {"uv": [3.57143, 9.85714, 3.57143, 10], "texture": "#1_0"}
			}
		},
		{
			"name": "Cube",
			"from": [12, -1, 12],
			"to": [12, 0, 15],
			"faces": {
				"north": {"uv": [5, 9.14286, 5, 9.28571], "texture": "#1_0"},
				"east": {"uv": [4.57143, 9.14286, 5, 9.28571], "texture": "#1_0"},
				"south": {"uv": [5.42857, 9.14286, 5.42857, 9.28571], "texture": "#1_0"},
				"west": {"uv": [5, 9.14286, 5.42857, 9.28571], "texture": "#1_0"},
				"up": {"uv": [5, 9.14286, 5, 8.71429], "texture": "#1_0"},
				"down": {"uv": [5, 8.71429, 5, 9.14286], "texture": "#1_0"}
			}
		},
		{
			"name": "Cube",
			"from": [12, 1, 11],
			"to": [14, 4, 12],
			"faces": {
				"north": {"uv": [5.57143, 8.85714, 5.85714, 9.28571], "texture": "#1_0"},
				"east": {"uv": [5.42857, 8.85714, 5.57143, 9.28571], "texture": "#1_0"},
				"south": {"uv": [6, 8.85714, 6.28571, 9.28571], "texture": "#1_0"},
				"west": {"uv": [5.85714, 8.85714, 6, 9.28571], "texture": "#1_0"},
				"up": {"uv": [5.85714, 8.85714, 5.57143, 8.71429], "texture": "#1_0"},
				"down": {"uv": [6.14286, 8.71429, 5.85714, 8.85714], "texture": "#1_0"}
			}
		},
		{
			"name": "Cube",
			"from": [12, 0, 12],
			"to": [14, 1, 15],
			"faces": {
				"north": {"uv": [6.14286, 7.85714, 6.42857, 8], "texture": "#1_0"},
				"east": {"uv": [5.71429, 7.85714, 6.14286, 8], "texture": "#1_0"},
				"south": {"uv": [6.85714, 7.85714, 7.14286, 8], "texture": "#1_0"},
				"west": {"uv": [6.42857, 7.85714, 6.85714, 8], "texture": "#1_0"},
				"up": {"uv": [6.42857, 7.85714, 6.14286, 7.42857], "texture": "#1_0"},
				"down": {"uv": [6.71429, 7.42857, 6.42857, 7.85714], "texture": "#1_0"}
			}
		},
		{
			"name": "Cube",
			"from": [2, 0, 12],
			"to": [4, 1, 15],
			"faces": {
				"north": {"uv": [3.28571, 7.85714, 3.57143, 8], "texture": "#1_0"},
				"east": {"uv": [2.85714, 7.85714, 3.28571, 8], "texture": "#1_0"},
				"south": {"uv": [4, 7.85714, 4.28571, 8], "texture": "#1_0"},
				"west": {"uv": [3.57143, 7.85714, 4, 8], "texture": "#1_0"},
				"up": {"uv": [3.57143, 7.85714, 3.28571, 7.42857], "texture": "#1_0"},
				"down": {"uv": [3.85714, 7.42857, 3.57143, 7.85714], "texture": "#1_0"}
			}
		},
		{
			"name": "Cube",
			"from": [2, 0, 1],
			"to": [4, 1, 4],
			"faces": {
				"north": {"uv": [0.42857, 7.85714, 0.71429, 8], "texture": "#1_0"},
				"east": {"uv": [0, 7.85714, 0.42857, 8], "texture": "#1_0"},
				"south": {"uv": [1.14286, 7.85714, 1.42857, 8], "texture": "#1_0"},
				"west": {"uv": [0.71429, 7.85714, 1.14286, 8], "texture": "#1_0"},
				"up": {"uv": [0.71429, 7.85714, 0.42857, 7.42857], "texture": "#1_0"},
				"down": {"uv": [1, 7.42857, 0.71429, 7.85714], "texture": "#1_0"}
			}
		},
		{
			"name": "Cube",
			"from": [2, 1, 4],
			"to": [4, 4, 5],
			"faces": {
				"north": {"uv": [1, 9.42857, 1.28571, 9.85714], "texture": "#1_0"},
				"east": {"uv": [0.85714, 9.42857, 1, 9.85714], "texture": "#1_0"},
				"south": {"uv": [1.42857, 9.42857, 1.71429, 9.85714], "texture": "#1_0"},
				"west": {"uv": [1.28571, 9.42857, 1.42857, 9.85714], "texture": "#1_0"},
				"up": {"uv": [1.28571, 9.42857, 1, 9.28571], "texture": "#1_0"},
				"down": {"uv": [1.57143, 9.28571, 1.28571, 9.42857], "texture": "#1_0"}
			}
		},
		{
			"name": "Cube",
			"from": [2, 4, 1],
			"to": [4, 5, 4],
			"faces": {
				"north": {"uv": [8.42857, 7.14286, 8.71429, 7.28571], "texture": "#1_0"},
				"east": {"uv": [8, 7.14286, 8.42857, 7.28571], "texture": "#1_0"},
				"south": {"uv": [9.14286, 7.14286, 9.42857, 7.28571], "texture": "#1_0"},
				"west": {"uv": [8.71429, 7.14286, 9.14286, 7.28571], "texture": "#1_0"},
				"up": {"uv": [8.71429, 7.14286, 8.42857, 6.71429], "texture": "#1_0"},
				"down": {"uv": [9, 6.71429, 8.71429, 7.14286], "texture": "#1_0"}
			}
		},
		{
			"name": "Cube",
			"from": [2, 1, 0],
			"to": [4, 4, 1],
			"faces": {
				"north": {"uv": [1.85714, 10, 2.14286, 10.42857], "texture": "#1_0"},
				"east": {"uv": [1.71429, 10, 1.85714, 10.42857], "texture": "#1_0"},
				"south": {"uv": [2.28571, 10, 2.57143, 10.42857], "texture": "#1_0"},
				"west": {"uv": [2.14286, 10, 2.28571, 10.42857], "texture": "#1_0"},
				"up": {"uv": [2.14286, 10, 1.85714, 9.85714], "texture": "#1_0"},
				"down": {"uv": [2.42857, 9.85714, 2.14286, 10], "texture": "#1_0"}
			}
		},
		{
			"name": "Cube",
			"from": [0, 2, 2],
			"to": [16, 3, 3],
			"faces": {
				"north": {"uv": [0.14286, 4.28571, 2.42857, 4.42857], "texture": "#1_0"},
				"east": {"uv": [0, 4.28571, 0.14286, 4.42857], "texture": "#1_0"},
				"south": {"uv": [2.57143, 4.28571, 4.85714, 4.42857], "texture": "#1_0"},
				"west": {"uv": [2.42857, 4.28571, 2.57143, 4.42857], "texture": "#1_0"},
				"up": {"uv": [2.42857, 4.28571, 0.14286, 4.14286], "texture": "#1_0"},
				"down": {"uv": [4.71429, 4.14286, 2.42857, 4.28571], "texture": "#1_0"}
			}
		},
		{
			"name": "Cube",
			"from": [4, 1, -1],
			"to": [4, 4, 0],
			"faces": {
				"north": {"uv": [3.28571, 10, 3.28571, 10.42857], "texture": "#1_0"},
				"east": {"uv": [3.14286, 10, 3.28571, 10.42857], "texture": "#1_0"},
				"south": {"uv": [3.42857, 10, 3.42857, 10.42857], "texture": "#1_0"},
				"west": {"uv": [3.28571, 10, 3.42857, 10.42857], "texture": "#1_0"},
				"up": {"uv": [3.28571, 10, 3.28571, 9.85714], "texture": "#1_0"},
				"down": {"uv": [3.28571, 9.85714, 3.28571, 10], "texture": "#1_0"}
			}
		},
		{
			"name": "Cube",
			"from": [4, 0, 0],
			"to": [4, 5, 5],
			"faces": {
				"north": {"uv": [3.57143, 6, 3.57143, 6.71429], "texture": "#1_0"},
				"east": {"uv": [2.85714, 6, 3.57143, 6.71429], "texture": "#1_0"},
				"south": {"uv": [4.28571, 6, 4.28571, 6.71429], "texture": "#1_0"},
				"west": {"uv": [3.57143, 6, 4.28571, 6.71429], "texture": "#1_0"},
				"up": {"uv": [3.57143, 6, 3.57143, 5.28571], "texture": "#1_0"},
				"down": {"uv": [3.57143, 5.28571, 3.57143, 6], "texture": "#1_0"}
			}
		},
		{
			"name": "Cube",
			"from": [4, 5, 1],
			"to": [4, 6, 4],
			"faces": {
				"north": {"uv": [6.42857, 9.71429, 6.42857, 9.85714], "texture": "#1_0"},
				"east": {"uv": [6, 9.71429, 6.42857, 9.85714], "texture": "#1_0"},
				"south": {"uv": [6.85714, 9.71429, 6.85714, 9.85714], "texture": "#1_0"},
				"west": {"uv": [6.42857, 9.71429, 6.85714, 9.85714], "texture": "#1_0"},
				"up": {"uv": [6.42857, 9.71429, 6.42857, 9.28571], "texture": "#1_0"},
				"down": {"uv": [6.42857, 9.28571, 6.42857, 9.71429], "texture": "#1_0"}
			}
		},
		{
			"name": "Cube",
			"from": [4, -1, 1],
			"to": [4, 0, 4],
			"faces": {
				"north": {"uv": [7.28571, 9.71429, 7.28571, 9.85714], "texture": "#1_0"},
				"east": {"uv": [6.85714, 9.71429, 7.28571, 9.85714], "texture": "#1_0"},
				"south": {"uv": [7.71429, 9.71429, 7.71429, 9.85714], "texture": "#1_0"},
				"west": {"uv": [7.28571, 9.71429, 7.71429, 9.85714], "texture": "#1_0"},
				"up": {"uv": [7.28571, 9.71429, 7.28571, 9.28571], "texture": "#1_0"},
				"down": {"uv": [7.28571, 9.28571, 7.28571, 9.71429], "texture": "#1_0"}
			}
		},
		{
			"name": "Cube",
			"from": [4, 1, 5],
			"to": [4, 4, 6],
			"faces": {
				"north": {"uv": [3, 10, 3, 10.42857], "texture": "#1_0"},
				"east": {"uv": [2.85714, 10, 3, 10.42857], "texture": "#1_0"},
				"south": {"uv": [3.14286, 10, 3.14286, 10.42857], "texture": "#1_0"},
				"west": {"uv": [3, 10, 3.14286, 10.42857], "texture": "#1_0"},
				"up": {"uv": [3, 10, 3, 9.85714], "texture": "#1_0"},
				"down": {"uv": [3, 9.85714, 3, 10], "texture": "#1_0"}
			}
		},
		{
			"name": "Cube",
			"from": [12, 1, 5],
			"to": [12, 4, 6],
			"faces": {
				"north": {"uv": [2.71429, 10, 2.71429, 10.42857], "texture": "#1_0"},
				"east": {"uv": [2.57143, 10, 2.71429, 10.42857], "texture": "#1_0"},
				"south": {"uv": [2.85714, 10, 2.85714, 10.42857], "texture": "#1_0"},
				"west": {"uv": [2.71429, 10, 2.85714, 10.42857], "texture": "#1_0"},
				"up": {"uv": [2.71429, 10, 2.71429, 9.85714], "texture": "#1_0"},
				"down": {"uv": [2.71429, 9.85714, 2.71429, 10], "texture": "#1_0"}
			}
		},
		{
			"name": "Cube",
			"from": [12, 1, 4],
			"to": [14, 4, 5],
			"faces": {
				"north": {"uv": [1, 10, 1.28571, 10.42857], "texture": "#1_0"},
				"east": {"uv": [0.85714, 10, 1, 10.42857], "texture": "#1_0"},
				"south": {"uv": [1.42857, 10, 1.71429, 10.42857], "texture": "#1_0"},
				"west": {"uv": [1.28571, 10, 1.42857, 10.42857], "texture": "#1_0"},
				"up": {"uv": [1.28571, 10, 1, 9.85714], "texture": "#1_0"},
				"down": {"uv": [1.57143, 9.85714, 1.28571, 10], "texture": "#1_0"}
			}
		},
		{
			"name": "Cube",
			"from": [12, 4, 1],
			"to": [14, 5, 4],
			"faces": {
				"north": {"uv": [7.57143, 7.85714, 7.85714, 8], "texture": "#1_0"},
				"east": {"uv": [7.14286, 7.85714, 7.57143, 8], "texture": "#1_0"},
				"south": {"uv": [8.28571, 7.85714, 8.57143, 8], "texture": "#1_0"},
				"west": {"uv": [7.85714, 7.85714, 8.28571, 8], "texture": "#1_0"},
				"up": {"uv": [7.85714, 7.85714, 7.57143, 7.42857], "texture": "#1_0"},
				"down": {"uv": [8.14286, 7.42857, 7.85714, 7.85714], "texture": "#1_0"}
			}
		},
		{
			"name": "Cube",
			"from": [12, 5, 1],
			"to": [12, 6, 4],
			"faces": {
				"north": {"uv": [4.71429, 9.71429, 4.71429, 9.85714], "texture": "#1_0"},
				"east": {"uv": [4.28571, 9.71429, 4.71429, 9.85714], "texture": "#1_0"},
				"south": {"uv": [5.14286, 9.71429, 5.14286, 9.85714], "texture": "#1_0"},
				"west": {"uv": [4.71429, 9.71429, 5.14286, 9.85714], "texture": "#1_0"},
				"up": {"uv": [4.71429, 9.71429, 4.71429, 9.28571], "texture": "#1_0"},
				"down": {"uv": [4.71429, 9.28571, 4.71429, 9.71429], "texture": "#1_0"}
			}
		},
		{
			"name": "Cube",
			"from": [12, 0, 0],
			"to": [12, 5, 5],
			"faces": {
				"north": {"uv": [0.71429, 6, 0.71429, 6.71429], "texture": "#1_0"},
				"east": {"uv": [0, 6, 0.71429, 6.71429], "texture": "#1_0"},
				"south": {"uv": [1.42857, 6, 1.42857, 6.71429], "texture": "#1_0"},
				"west": {"uv": [0.71429, 6, 1.42857, 6.71429], "texture": "#1_0"},
				"up": {"uv": [0.71429, 6, 0.71429, 5.28571], "texture": "#1_0"},
				"down": {"uv": [0.71429, 5.28571, 0.71429, 6], "texture": "#1_0"}
			}
		},
		{
			"name": "Cube",
			"from": [12, 1, -1],
			"to": [12, 4, 0],
			"faces": {
				"north": {"uv": [3.85714, 10, 3.85714, 10.42857], "texture": "#1_0"},
				"east": {"uv": [3.71429, 10, 3.85714, 10.42857], "texture": "#1_0"},
				"south": {"uv": [4, 10, 4, 10.42857], "texture": "#1_0"},
				"west": {"uv": [3.85714, 10, 4, 10.42857], "texture": "#1_0"},
				"up": {"uv": [3.85714, 10, 3.85714, 9.85714], "texture": "#1_0"},
				"down": {"uv": [3.85714, 9.85714, 3.85714, 10], "texture": "#1_0"}
			}
		},
		{
			"name": "Cube",
			"from": [12, -1, 1],
			"to": [12, 0, 4],
			"faces": {
				"north": {"uv": [5.57143, 9.71429, 5.57143, 9.85714], "texture": "#1_0"},
				"east": {"uv": [5.14286, 9.71429, 5.57143, 9.85714], "texture": "#1_0"},
				"south": {"uv": [6, 9.71429, 6, 9.85714], "texture": "#1_0"},
				"west": {"uv": [5.57143, 9.71429, 6, 9.85714], "texture": "#1_0"},
				"up": {"uv": [5.57143, 9.71429, 5.57143, 9.28571], "texture": "#1_0"},
				"down": {"uv": [5.57143, 9.28571, 5.57143, 9.71429], "texture": "#1_0"}
			}
		},
		{
			"name": "Cube",
			"from": [12, 1, 0],
			"to": [14, 4, 1],
			"faces": {
				"north": {"uv": [0.14286, 10, 0.42857, 10.42857], "texture": "#1_0"},
				"east": {"uv": [0, 10, 0.14286, 10.42857], "texture": "#1_0"},
				"south": {"uv": [0.57143, 10, 0.85714, 10.42857], "texture": "#1_0"},
				"west": {"uv": [0.42857, 10, 0.57143, 10.42857], "texture": "#1_0"},
				"up": {"uv": [0.42857, 10, 0.14286, 9.85714], "texture": "#1_0"},
				"down": {"uv": [0.71429, 9.85714, 0.42857, 10], "texture": "#1_0"}
			}
		},
		{
			"name": "Cube",
			"from": [12, 0, 1],
			"to": [14, 1, 4],
			"faces": {
				"north": {"uv": [0.42857, 8.42857, 0.71429, 8.57143], "texture": "#1_0"},
				"east": {"uv": [0, 8.42857, 0.42857, 8.57143], "texture": "#1_0"},
				"south": {"uv": [1.14286, 8.42857, 1.42857, 8.57143], "texture": "#1_0"},
				"west": {"uv": [0.71429, 8.42857, 1.14286, 8.57143], "texture": "#1_0"},
				"up": {"uv": [0.71429, 8.42857, 0.42857, 8], "texture": "#1_0"},
				"down": {"uv": [1, 8, 0.71429, 8.42857], "texture": "#1_0"}
			}
		},
		{
			"name": "Cube",
			"from": [2, 0, 1],
			"to": [4, 1, 4],
			"faces": {
				"north": {"uv": [1.85714, 8.42857, 2.14286, 8.57143], "texture": "#1_0"},
				"east": {"uv": [1.42857, 8.42857, 1.85714, 8.57143], "texture": "#1_0"},
				"south": {"uv": [2.57143, 8.42857, 2.85714, 8.57143], "texture": "#1_0"},
				"west": {"uv": [2.14286, 8.42857, 2.57143, 8.57143], "texture": "#1_0"},
				"up": {"uv": [2.14286, 8.42857, 1.85714, 8], "texture": "#1_0"},
				"down": {"uv": [2.42857, 8, 2.14286, 8.42857], "texture": "#1_0"}
			}
		}
	],
	"groups": [0, 1, 2, 3, 4, 5, 6, 7, 8, 9, 10, 11, 12, 13, 14, 15, 16, 17, 18, 19, 20, 21, 22, 23, 24, 25, 26, 27, 28, 29, 30, 31, 32, 33, 34, 35, 36,
		{
			"name": "Flachlore",
			"children": [
				{
					"name": "Rahmen",
					"children": [37, 38, 39, 40, 41, 42, 43, 44, 45, 46, 47, 48, 49, 50, 51, 52]
				},
				{
					"name": "Achse",
					"children": [53, 54, 55, 56, 57, 58, 59, 60, 61, 62, 63, 64, 65, 66, 67, 68, 69, 70, 71, 72]
				},
				{
					"name": "Achse",
					"children": [73, 74, 75, 76, 77, 78, 79, 80, 81, 82, 83, 84, 85, 86, 87, 88, 89, 90, 91, 92]
				}
			]
		}
	]
}